-- phpMyAdmin SQL Dump
-- version 4.6.6deb5
-- https://www.phpmyadmin.net/
--
-- Host: localhost:3306
-- Generation Time: Jan 13, 2019 at 11:53 AM
-- Server version: 5.7.24-0ubuntu0.18.04.1
-- PHP Version: 7.2.10-0ubuntu0.18.04.1

SET SQL_MODE = "NO_AUTO_VALUE_ON_ZERO";
SET time_zone = "+00:00";


/*!40101 SET @OLD_CHARACTER_SET_CLIENT=@@CHARACTER_SET_CLIENT */;
/*!40101 SET @OLD_CHARACTER_SET_RESULTS=@@CHARACTER_SET_RESULTS */;
/*!40101 SET @OLD_COLLATION_CONNECTION=@@COLLATION_CONNECTION */;
/*!40101 SET NAMES utf8mb4 */;

--
-- Database: `eapi`
--

-- --------------------------------------------------------

--
-- Table structure for table `migrations`
--

CREATE TABLE `migrations` (
  `id` int(10) UNSIGNED NOT NULL,
  `migration` varchar(255) COLLATE utf8mb4_unicode_ci NOT NULL,
  `batch` int(11) NOT NULL
) ENGINE=InnoDB DEFAULT CHARSET=utf8mb4 COLLATE=utf8mb4_unicode_ci;

--
-- Dumping data for table `migrations`
--

INSERT INTO `migrations` (`id`, `migration`, `batch`) VALUES
(1, '2014_10_12_000000_create_users_table', 1),
(2, '2014_10_12_100000_create_password_resets_table', 1),
(3, '2019_01_13_024923_create_products_table', 1),
(4, '2019_01_13_030616_create_reviews_table', 1);

-- --------------------------------------------------------

--
-- Table structure for table `password_resets`
--

CREATE TABLE `password_resets` (
  `email` varchar(255) COLLATE utf8mb4_unicode_ci NOT NULL,
  `token` varchar(255) COLLATE utf8mb4_unicode_ci NOT NULL,
  `created_at` timestamp NULL DEFAULT NULL
) ENGINE=InnoDB DEFAULT CHARSET=utf8mb4 COLLATE=utf8mb4_unicode_ci;

-- --------------------------------------------------------

--
-- Table structure for table `products`
--

CREATE TABLE `products` (
  `id` int(10) UNSIGNED NOT NULL,
  `name` varchar(255) COLLATE utf8mb4_unicode_ci NOT NULL,
  `detail` text COLLATE utf8mb4_unicode_ci NOT NULL,
  `price` int(11) NOT NULL,
  `stock` int(11) NOT NULL,
  `discount` int(11) NOT NULL,
  `created_at` timestamp NULL DEFAULT NULL,
  `updated_at` timestamp NULL DEFAULT NULL
) ENGINE=InnoDB DEFAULT CHARSET=utf8mb4 COLLATE=utf8mb4_unicode_ci;

--
-- Dumping data for table `products`
--

INSERT INTO `products` (`id`, `name`, `detail`, `price`, `stock`, `discount`, `created_at`, `updated_at`) VALUES
(1, 'animi', 'Repellendus voluptas accusamus fugiat sint omnis neque non. Optio magni quos ullam vero necessitatibus in. Amet dignissimos eum voluptatum quaerat. At harum voluptatibus quasi harum consequuntur distinctio unde.', 100, 5, 14, '2019-01-13 11:46:44', '2019-01-13 11:46:44'),
(2, 'aut', 'Ducimus ut sint quidem quaerat. Corrupti numquam dolorem voluptate dolor labore. Dolores veritatis doloribus minima reprehenderit natus tempore. Qui aliquid voluptas voluptate quis corrupti aut repellat alias.', 100, 0, 13, '2019-01-13 11:46:45', '2019-01-13 11:46:45'),
(3, 'nihil', 'Vel voluptas ut deserunt consectetur. Aperiam voluptatem quis inventore molestiae. Rerum est soluta nisi dolorem consequuntur ut dolore. Voluptatum nobis iure non sapiente ullam et. Voluptatem fuga est corrupti itaque minima eaque.', 100, 5, 29, '2019-01-13 11:46:45', '2019-01-13 11:46:45'),
(4, 'illo', 'Iusto tempora labore sit adipisci reiciendis voluptas illum. Asperiores doloremque est voluptatem. Nihil sapiente officiis et saepe. Eum inventore quaerat excepturi voluptate. Repellat dolore aliquam assumenda quam eaque ducimus.', 100, 7, 12, '2019-01-13 11:46:45', '2019-01-13 11:46:45'),
(5, 'et', 'Ut dolores et non quia omnis maiores. Maxime est assumenda molestiae corporis repudiandae impedit. Quia cupiditate cumque atque consequatur totam.', 100, 9, 18, '2019-01-13 11:46:45', '2019-01-13 11:46:45'),
(6, 'sit', 'Vel at quam excepturi temporibus. Quo voluptates aliquam omnis consequatur tempore sed et. Quis mollitia id eveniet delectus itaque repudiandae nihil.', 100, 0, 12, '2019-01-13 11:46:45', '2019-01-13 11:46:45'),
(7, 'sed', 'Dolorem illo aspernatur sint accusantium nisi ducimus ea. Dolores eum eveniet in ut vel. Impedit alias eligendi officiis id culpa ex soluta ratione.', 100, 6, 18, '2019-01-13 11:46:45', '2019-01-13 11:46:45'),
(8, 'fugiat', 'Minima repudiandae est et in. Aut libero repellat quae quam fuga enim rem debitis. Dolorum dicta qui qui aut. Atque autem reprehenderit at quaerat ea numquam.', 100, 8, 19, '2019-01-13 11:46:45', '2019-01-13 11:46:45'),
(9, 'maiores', 'Aut accusamus qui magnam ut. Blanditiis sed aut error et laborum. Id autem voluptas aut dolores odio fugit.', 100, 1, 15, '2019-01-13 11:46:45', '2019-01-13 11:46:45'),
(10, 'aspernatur', 'Omnis deleniti doloremque alias facilis iusto. Ea illum quisquam placeat ipsum cumque. Natus adipisci quo consequatur. Sint voluptatem sunt ex eligendi ut.', 100, 2, 17, '2019-01-13 11:46:45', '2019-01-13 11:46:45'),
(11, 'amet', 'Quis distinctio magni debitis vero. Cumque aut itaque doloribus nisi laborum quia accusantium. Corrupti debitis tempora dolor natus illum laudantium vero.', 100, 2, 13, '2019-01-13 11:46:45', '2019-01-13 11:46:45'),
(12, 'et', 'Dolores modi et blanditiis ut. Quasi reprehenderit sit reiciendis id consequatur omnis et. Illum officia et at saepe est consequatur eaque neque.', 100, 9, 5, '2019-01-13 11:46:45', '2019-01-13 11:46:45'),
(13, 'architecto', 'Occaecati aliquam repellat omnis voluptates nisi. Commodi aut consequatur debitis quisquam. Perferendis consequatur est quasi.', 100, 7, 7, '2019-01-13 11:46:45', '2019-01-13 11:46:45'),
(14, 'ipsa', 'Ut neque provident voluptates et adipisci animi. Rerum voluptates ut quisquam sit. Rerum nihil illo et mollitia. In id quae eum praesentium molestiae aperiam pariatur.', 100, 9, 9, '2019-01-13 11:46:45', '2019-01-13 11:46:45'),
(15, 'necessitatibus', 'Exercitationem ex aperiam repudiandae veritatis assumenda pariatur adipisci. Architecto et tempore sint rerum quia. Iure rerum mollitia ducimus. Iusto rerum consequatur rerum ullam.', 100, 1, 28, '2019-01-13 11:46:45', '2019-01-13 11:46:45'),
(16, 'ipsum', 'Unde voluptatum omnis aperiam corporis rerum. Laboriosam alias quae vitae sint ullam. Amet error sed deserunt voluptates. Minus aut quam recusandae et.', 100, 4, 8, '2019-01-13 11:46:46', '2019-01-13 11:46:46'),
(17, 'praesentium', 'Nulla qui dolore aut provident. Vitae qui molestiae sapiente. Consequatur aut dolor voluptate ea dolorem reprehenderit. Exercitationem quia quidem id molestias iure ipsam.', 100, 9, 20, '2019-01-13 11:46:46', '2019-01-13 11:46:46'),
(18, 'at', 'Reprehenderit error recusandae qui molestiae ut repellendus. Occaecati voluptatibus qui et cum placeat perferendis. Est perferendis est omnis error fugit et itaque.', 100, 5, 30, '2019-01-13 11:46:46', '2019-01-13 11:46:46'),
(19, 'provident', 'Velit expedita molestiae fugit et et consectetur sit. Blanditiis libero minus et nobis. Quis tempora voluptates praesentium suscipit. Cumque et possimus incidunt culpa eos dicta dolorem.', 100, 8, 2, '2019-01-13 11:46:46', '2019-01-13 11:46:46'),
(20, 'maxime', 'Qui iusto laboriosam quod omnis quo est consequatur ipsam. Officiis velit est nam id omnis. Eos reiciendis autem voluptatem a maiores. Dolores pariatur pariatur omnis excepturi qui facilis quia ut.', 100, 6, 16, '2019-01-13 11:46:46', '2019-01-13 11:46:46'),
(21, 'sed', 'Aut voluptatem minima soluta excepturi. Consequatur nostrum qui ratione nisi voluptates. Omnis accusantium velit harum impedit et accusamus et.', 100, 9, 7, '2019-01-13 11:46:46', '2019-01-13 11:46:46'),
(22, 'molestiae', 'Aut molestias voluptatem sunt tenetur. Facere numquam velit voluptas iure. Sit odio est magni esse voluptatem ut optio. Voluptates eligendi repellendus temporibus cum.', 100, 9, 7, '2019-01-13 11:46:46', '2019-01-13 11:46:46'),
(23, 'commodi', 'Consequatur voluptatem commodi minus. Maxime aut sit porro quae enim.', 100, 0, 3, '2019-01-13 11:46:46', '2019-01-13 11:46:46'),
(24, 'nostrum', 'Occaecati sit neque neque quia excepturi. Iste accusamus excepturi consectetur omnis qui. In voluptas distinctio pariatur doloremque. Explicabo hic distinctio et architecto asperiores.', 100, 7, 3, '2019-01-13 11:46:46', '2019-01-13 11:46:46'),
(25, 'omnis', 'Dolorem illo aut quasi voluptatem incidunt cum ex. Sapiente et et repellat alias doloribus ea et. Non modi voluptatem quibusdam assumenda ut facilis ut.', 100, 7, 27, '2019-01-13 11:46:46', '2019-01-13 11:46:46'),
(26, 'reiciendis', 'Eveniet reiciendis ab officia aspernatur at laudantium corporis. Quis eos dolores totam similique odit. Rerum doloremque commodi quia.', 100, 9, 24, '2019-01-13 11:46:46', '2019-01-13 11:46:46'),
(27, 'reiciendis', 'Id accusantium necessitatibus fuga vel. Nulla sit dolor officia eaque.', 100, 3, 23, '2019-01-13 11:46:46', '2019-01-13 11:46:46'),
(28, 'cum', 'Voluptas qui tempore temporibus sit qui. Et possimus corporis fuga dolores. Molestiae repellat libero quaerat. Dolores est natus sunt dignissimos excepturi.', 100, 7, 3, '2019-01-13 11:46:46', '2019-01-13 11:46:46'),
(29, 'possimus', 'Deleniti ut aut culpa. Hic nisi mollitia temporibus similique officiis odio.', 100, 7, 5, '2019-01-13 11:46:46', '2019-01-13 11:46:46'),
(30, 'sit', 'Consectetur vitae et amet eaque aperiam quidem. Inventore molestias voluptatem delectus harum omnis nemo ut quae. Eum rerum quae omnis voluptatem et.', 100, 4, 19, '2019-01-13 11:46:46', '2019-01-13 11:46:46'),
(31, 'ut', 'Est fugiat sunt enim. Et ipsum dolorem autem adipisci maiores nihil consequatur. Labore odio perspiciatis sapiente quisquam consectetur. Assumenda eius fuga qui beatae sunt adipisci nemo. Accusamus corporis et beatae labore veniam.', 100, 5, 3, '2019-01-13 11:46:46', '2019-01-13 11:46:46'),
(32, 'alias', 'Velit reiciendis ut ducimus quidem. Sed assumenda voluptas voluptatibus autem omnis. Vitae illo qui ad aliquid necessitatibus. Rerum accusamus sapiente omnis itaque nihil.', 100, 0, 30, '2019-01-13 11:46:46', '2019-01-13 11:46:46'),
(33, 'vel', 'Cumque eos porro consequatur et sequi accusantium. Nostrum consequatur optio ut sed saepe nam. Aspernatur libero quia sed. Ut ab ea sint nulla.', 100, 9, 24, '2019-01-13 11:46:46', '2019-01-13 11:46:46'),
(34, 'ut', 'Ipsa et reprehenderit praesentium consectetur. Est voluptatum repellat in quia. Culpa nisi esse nesciunt beatae voluptatibus reprehenderit. Voluptatem consequuntur eius consequatur voluptatibus.', 100, 5, 22, '2019-01-13 11:46:46', '2019-01-13 11:46:46'),
(35, 'vero', 'Ratione asperiores perspiciatis quibusdam architecto earum. Temporibus sed nostrum sapiente omnis aut nesciunt sed. Velit aut iure veritatis alias minima ducimus. Repellendus hic amet doloribus facere qui dolores.', 100, 1, 26, '2019-01-13 11:46:46', '2019-01-13 11:46:46'),
(36, 'nam', 'Quos explicabo possimus rem. Asperiores delectus voluptatum illum minus id impedit ut. Dolorem voluptatum dolores eum laudantium sunt animi quo. Sapiente dolorem ipsam voluptatem vero quia quia id animi.', 100, 6, 16, '2019-01-13 11:46:46', '2019-01-13 11:46:46'),
(37, 'quos', 'Id deserunt possimus illo et quaerat iure. Qui occaecati corrupti explicabo hic debitis. Sequi vero voluptatibus cumque mollitia dolorem assumenda tempora.', 100, 7, 19, '2019-01-13 11:46:47', '2019-01-13 11:46:47'),
(38, 'quibusdam', 'Dicta est recusandae quasi suscipit nisi ipsum eius. Accusamus repellat illo quas soluta voluptatum. Velit porro eos in blanditiis libero tenetur earum. Est saepe eaque ipsam laborum.', 100, 2, 9, '2019-01-13 11:46:47', '2019-01-13 11:46:47'),
(39, 'quia', 'Aut atque occaecati itaque nostrum repellat excepturi. Et voluptates laboriosam laboriosam necessitatibus consequatur pariatur fugiat. Nostrum expedita et aliquam atque et sunt quia.', 100, 3, 2, '2019-01-13 11:46:47', '2019-01-13 11:46:47'),
(40, 'ea', 'Et velit quo nihil rerum quo sed aperiam. Tempora eius aperiam nemo hic excepturi. Ab vitae nostrum repellat unde et quis iure.', 100, 9, 22, '2019-01-13 11:46:47', '2019-01-13 11:46:47'),
(41, 'quos', 'Consectetur officiis quae et quae et qui. Illo inventore quae unde voluptas laboriosam. Et aliquam est pariatur harum quia velit nesciunt aliquam.', 100, 4, 29, '2019-01-13 11:46:47', '2019-01-13 11:46:47'),
(42, 'dolores', 'Non nulla optio voluptate sint non excepturi quae. Dicta rerum non fuga optio quia. Deserunt et excepturi facere recusandae delectus ullam minima.', 100, 6, 26, '2019-01-13 11:46:47', '2019-01-13 11:46:47'),
(43, 'placeat', 'Ex modi rerum optio quas. Officiis animi rerum fuga quo totam perspiciatis maxime. Est laborum laudantium repellendus maxime magnam. Repellendus repellendus qui qui dolorem minima. Accusantium id dignissimos natus voluptatibus sit.', 100, 4, 26, '2019-01-13 11:46:47', '2019-01-13 11:46:47'),
(44, 'eos', 'Velit distinctio eum ducimus inventore nihil. Eos praesentium nihil illum excepturi. Ut quo error consequuntur. Quidem quo officia repudiandae magnam voluptas voluptate fuga.', 100, 9, 15, '2019-01-13 11:46:47', '2019-01-13 11:46:47'),
(45, 'esse', 'Magni quo sunt nihil expedita. Recusandae eum autem architecto autem labore omnis. Dolores est quia libero totam.', 100, 9, 23, '2019-01-13 11:46:47', '2019-01-13 11:46:47'),
(46, 'incidunt', 'Perferendis et odit sequi et omnis. Ab quasi voluptatibus illum ut voluptas sapiente consequuntur. Quia eligendi itaque in labore asperiores ipsa.', 100, 7, 15, '2019-01-13 11:46:47', '2019-01-13 11:46:47'),
(47, 'saepe', 'Ipsa quo voluptate consequuntur sapiente quaerat. Aut vel neque et repudiandae laborum nobis. Nostrum est quo error aut enim culpa autem.', 100, 7, 21, '2019-01-13 11:46:47', '2019-01-13 11:46:47'),
(48, 'totam', 'Autem nemo id nesciunt eligendi voluptatem omnis fuga. Voluptates temporibus quia et aut quia omnis aliquam officia.', 100, 7, 24, '2019-01-13 11:46:47', '2019-01-13 11:46:47'),
(49, 'omnis', 'Aut quia eos omnis reprehenderit saepe. Ipsam corrupti rerum exercitationem voluptas. Quia voluptatem sint consequatur eum veritatis natus. Sed voluptatem velit enim saepe.', 100, 8, 13, '2019-01-13 11:46:47', '2019-01-13 11:46:47'),
(50, 'voluptas', 'Veritatis corrupti ab ut. Perferendis maiores voluptatem dolores tempora asperiores sint. Voluptas praesentium qui repudiandae.', 100, 6, 23, '2019-01-13 11:46:47', '2019-01-13 11:46:47'),
(51, 'voluptatem', 'Natus soluta qui rerum. Fugiat quasi cupiditate soluta suscipit facere dolores. Cupiditate et rerum nam ab ut animi voluptas.', 100, 2, 2, '2019-01-13 11:48:55', '2019-01-13 11:48:55'),
(52, 'commodi', 'Voluptatem laborum maxime ea ipsam accusantium. Eaque non dolores soluta voluptatem. Ut aut quo vel ullam officiis. Ut quasi doloribus et et.', 100, 8, 13, '2019-01-13 11:48:55', '2019-01-13 11:48:55'),
(53, 'ex', 'Eum occaecati eos id aut eos nesciunt aut. Laborum porro voluptatem harum explicabo maxime. Itaque et eum maiores omnis sit. Nemo placeat omnis et qui dolores.', 100, 2, 16, '2019-01-13 11:48:55', '2019-01-13 11:48:55'),
(54, 'laborum', 'Quam accusantium excepturi similique sunt id amet optio magni. Ad alias beatae quidem qui reiciendis.', 100, 1, 28, '2019-01-13 11:48:55', '2019-01-13 11:48:55'),
(55, 'ea', 'Qui consequatur iusto quia sunt aspernatur. Cupiditate nobis voluptatem est ipsa vel similique aperiam. Nemo molestias culpa perspiciatis enim ea. Est fugit voluptas sed maxime corrupti deleniti.', 100, 6, 22, '2019-01-13 11:48:55', '2019-01-13 11:48:55'),
(56, 'expedita', 'Consequatur voluptas quae quam dolor laboriosam. Error repellat magni voluptas exercitationem sapiente occaecati. Nemo et earum est veniam sint necessitatibus non est. Nisi esse ullam et deserunt autem.', 100, 0, 10, '2019-01-13 11:48:55', '2019-01-13 11:48:55'),
(57, 'ea', 'Quasi et quas assumenda eius nulla blanditiis. Omnis labore non quia quo facere. Hic aliquam hic distinctio veritatis laborum totam reprehenderit. Eaque soluta et sequi aperiam dignissimos saepe.', 100, 8, 26, '2019-01-13 11:48:56', '2019-01-13 11:48:56'),
(58, 'nemo', 'Perferendis eligendi ea expedita officia vel velit sit. Maxime velit est accusamus. Autem est velit nemo labore. Quis quos nemo saepe ut aliquam et ut aut. Aperiam dolorem repudiandae molestias quod et.', 100, 3, 22, '2019-01-13 11:48:56', '2019-01-13 11:48:56'),
(59, 'at', 'Praesentium dolore sed vel. Adipisci vero quod occaecati iusto. Possimus beatae corporis natus nulla. Labore nemo occaecati ipsam velit.', 100, 2, 4, '2019-01-13 11:48:56', '2019-01-13 11:48:56'),
(60, 'perspiciatis', 'Qui quia tenetur aperiam reprehenderit odio sunt. Velit et voluptas omnis tempore. Dicta esse delectus voluptatem nemo natus corrupti.', 100, 2, 17, '2019-01-13 11:48:56', '2019-01-13 11:48:56'),
(61, 'id', 'Dolores vel deleniti alias minima aut voluptatem. Rerum laboriosam ratione suscipit officia. Id quae qui et quas.', 100, 3, 3, '2019-01-13 11:48:56', '2019-01-13 11:48:56'),
(62, 'laudantium', 'Reiciendis impedit et praesentium sunt. Illum architecto est accusamus reprehenderit et dicta a. Tenetur beatae voluptas corporis qui nesciunt veritatis ut et. Ea omnis pariatur amet voluptates facilis quidem et pariatur.', 100, 8, 6, '2019-01-13 11:48:56', '2019-01-13 11:48:56'),
(63, 'a', 'Ullam saepe ea nobis facere impedit minus accusamus. Aliquam veritatis quia vel nisi qui et. Earum nesciunt quae in porro voluptatem non consequatur. Odit quos ut laudantium et minima enim consequatur.', 100, 8, 2, '2019-01-13 11:48:56', '2019-01-13 11:48:56'),
(64, 'aut', 'Accusantium eos repellendus cum non itaque expedita. Iure itaque harum placeat quis reprehenderit. Perspiciatis dolorem accusantium et ad pariatur et numquam totam.', 100, 7, 25, '2019-01-13 11:48:56', '2019-01-13 11:48:56'),
(65, 'dolorem', 'Voluptatem nulla vitae commodi omnis consequatur. Quaerat qui laboriosam autem aspernatur iure ipsum ut.', 100, 6, 26, '2019-01-13 11:48:56', '2019-01-13 11:48:56'),
(66, 'saepe', 'Odit eos voluptatem aperiam aut deserunt commodi. Possimus quis excepturi voluptas sit consequatur porro vel. Sed ea aspernatur est architecto explicabo iusto.', 100, 0, 21, '2019-01-13 11:48:56', '2019-01-13 11:48:56'),
(67, 'id', 'Illum voluptates eveniet odio dolor eos. Rerum voluptatum autem magnam a at. Et in iure architecto veniam natus.', 100, 8, 24, '2019-01-13 11:48:56', '2019-01-13 11:48:56'),
(68, 'repellendus', 'Non tenetur aut atque qui. Quo et aut nam ipsam. Deserunt vero consequatur quaerat eveniet vero beatae occaecati.', 100, 0, 20, '2019-01-13 11:48:56', '2019-01-13 11:48:56'),
(69, 'velit', 'Voluptatum et voluptates natus ullam fuga. Natus repudiandae facere officia quis doloremque inventore omnis. Saepe deserunt explicabo maiores molestias.', 100, 5, 22, '2019-01-13 11:48:56', '2019-01-13 11:48:56'),
(70, 'id', 'Molestiae suscipit aut dolorum iusto. Qui ex dolores voluptatum sed numquam. Ullam adipisci illo ad possimus molestias ad non.', 100, 1, 4, '2019-01-13 11:48:56', '2019-01-13 11:48:56'),
(71, 'est', 'Labore alias numquam ducimus ut ut. Optio sequi doloribus error temporibus dicta similique. Temporibus ea modi rerum aut distinctio dignissimos vero suscipit. Architecto praesentium cumque assumenda modi.', 100, 1, 6, '2019-01-13 11:48:56', '2019-01-13 11:48:56'),
(72, 'ipsum', 'Odio dolor nulla voluptatem aliquid non sit architecto. Velit consequatur rerum soluta qui illo. Molestias non aut qui natus explicabo consequuntur. Qui eligendi saepe autem ex et.', 100, 6, 22, '2019-01-13 11:48:56', '2019-01-13 11:48:56'),
(73, 'eligendi', 'Itaque debitis in labore fuga quo rerum officiis temporibus. Ex aliquam quae aperiam voluptate sapiente et. Tenetur occaecati nostrum consectetur dolorem qui beatae. Repudiandae consectetur omnis ab accusantium rerum iste.', 100, 8, 9, '2019-01-13 11:48:57', '2019-01-13 11:48:57'),
(74, 'corporis', 'Natus sed autem voluptatem laudantium quo quas perferendis. Dolore animi eligendi temporibus laboriosam consequatur. Nisi ut in voluptatem.', 100, 3, 29, '2019-01-13 11:48:57', '2019-01-13 11:48:57'),
(75, 'voluptates', 'Provident voluptatem amet rerum velit et. Iusto deleniti aspernatur reiciendis. Et voluptatibus qui ut corrupti consectetur harum. Deleniti repellat accusamus autem aspernatur.', 100, 2, 11, '2019-01-13 11:48:57', '2019-01-13 11:48:57'),
(76, 'et', 'Beatae fugit ex eum officia. Dolorum eligendi voluptatibus vero provident quidem ab optio. Est et alias officiis repudiandae minus et et.', 100, 1, 14, '2019-01-13 11:48:57', '2019-01-13 11:48:57'),
(77, 'voluptas', 'Voluptatem ut qui beatae. Facilis aut sed eligendi et consectetur. Enim eum provident accusamus et sunt ratione laboriosam. Harum enim rem adipisci inventore.', 100, 5, 9, '2019-01-13 11:48:57', '2019-01-13 11:48:57'),
(78, 'consequatur', 'Laudantium et molestias facere voluptatibus. Aut architecto ducimus ut. Numquam ex ut est magni dolor dignissimos. Nemo dolor dignissimos aliquid. Autem magnam consequatur recusandae rem quia sapiente unde.', 100, 9, 3, '2019-01-13 11:48:57', '2019-01-13 11:48:57'),
(79, 'tempore', 'Soluta sed quibusdam reiciendis velit. Voluptates maxime voluptates et natus adipisci in dolorem. Dignissimos minima non velit minima.', 100, 1, 2, '2019-01-13 11:48:57', '2019-01-13 11:48:57'),
(80, 'dolore', 'Iusto dignissimos consequuntur quidem. Illo omnis quae iste. Quia nostrum eius eius qui. Dicta voluptatem nemo omnis inventore omnis veniam.', 100, 9, 8, '2019-01-13 11:48:57', '2019-01-13 11:48:57'),
(81, 'exercitationem', 'Id dicta in voluptatem ut unde eum. Possimus natus quis corrupti.', 100, 3, 16, '2019-01-13 11:48:57', '2019-01-13 11:48:57'),
(82, 'exercitationem', 'Recusandae deserunt fugiat est eaque. Quia deserunt laudantium blanditiis rerum veniam dignissimos voluptate. Exercitationem dolorem repellat vitae quis. Dolor sed mollitia cupiditate sit corporis. Rerum tempora consequatur molestiae ut.', 100, 3, 11, '2019-01-13 11:48:57', '2019-01-13 11:48:57'),
(83, 'et', 'Aut atque porro dicta autem sint. Veniam adipisci aliquam possimus quo et eaque.', 100, 4, 18, '2019-01-13 11:48:57', '2019-01-13 11:48:57'),
(84, 'vel', 'Nihil nemo nemo repellat et voluptas et quis. Dolores assumenda quam ab est modi perferendis autem. Magnam vitae saepe similique qui quos.', 100, 2, 15, '2019-01-13 11:48:57', '2019-01-13 11:48:57'),
(85, 'ullam', 'Praesentium veniam facere hic et debitis quam. Culpa sint officia corporis corrupti sit id nisi voluptatum. Iusto modi nesciunt esse quia. Necessitatibus sit delectus consequatur ipsum quos perferendis.', 100, 4, 6, '2019-01-13 11:48:57', '2019-01-13 11:48:57'),
(86, 'quaerat', 'Eligendi id nesciunt et ducimus cupiditate est quae ipsam. Nesciunt et aut adipisci reprehenderit. Rerum officia voluptatum sit blanditiis iusto.', 100, 6, 19, '2019-01-13 11:48:57', '2019-01-13 11:48:57'),
(87, 'eius', 'Consequatur corporis voluptatum ut ea. Ut alias maxime a et nihil ab. Autem vero laborum doloremque placeat voluptatem.', 100, 4, 19, '2019-01-13 11:48:57', '2019-01-13 11:48:57'),
(88, 'maiores', 'Suscipit nulla molestiae pariatur ea. Nostrum consequatur numquam quae est. Nulla saepe est laborum quas velit. Molestiae nulla a ex sequi aut omnis.', 100, 9, 9, '2019-01-13 11:48:57', '2019-01-13 11:48:57'),
(89, 'aut', 'Ad minus vel aut molestias ratione consequatur et. Omnis consequatur illo cum.', 100, 6, 7, '2019-01-13 11:48:57', '2019-01-13 11:48:57'),
(90, 'quidem', 'Quam et autem consequatur ipsam rerum officiis culpa dolor. Autem esse ullam ipsa. Provident voluptatem omnis consequuntur molestias. Quam suscipit natus inventore voluptas ut unde dolores expedita.', 100, 3, 21, '2019-01-13 11:48:57', '2019-01-13 11:48:57'),
(91, 'ducimus', 'Consequuntur id consequatur labore recusandae omnis in ad consequuntur. Eligendi eveniet distinctio magni sunt excepturi facere dolores. Pariatur voluptate odio nihil illum est. Est nihil accusamus perspiciatis quas autem magni.', 100, 2, 19, '2019-01-13 11:48:57', '2019-01-13 11:48:57'),
(92, 'est', 'Et dolor aut fuga. Et modi expedita voluptatem at. Distinctio illo in ut atque. Et laboriosam magni magni enim. Aut animi at sit amet fugiat et soluta voluptatem.', 100, 8, 4, '2019-01-13 11:48:57', '2019-01-13 11:48:57'),
(93, 'aut', 'Veritatis ex earum modi facere harum veniam. Sunt omnis minima quo aut. Natus consequatur deleniti reprehenderit sed rerum fuga vero.', 100, 6, 7, '2019-01-13 11:48:57', '2019-01-13 11:48:57'),
(94, 'consequuntur', 'Distinctio quaerat repudiandae architecto officiis sint. Laboriosam expedita iure et qui. Itaque voluptas qui qui totam. Culpa ut impedit eveniet quidem ducimus eos officiis suscipit.', 100, 7, 28, '2019-01-13 11:48:57', '2019-01-13 11:48:57'),
(95, 'voluptatem', 'Veritatis necessitatibus libero numquam velit magnam labore fugit voluptas. Dolor ab minus magnam ut illo a earum. Incidunt doloribus architecto laudantium culpa. Necessitatibus corporis qui culpa explicabo repellat et.', 100, 7, 7, '2019-01-13 11:48:58', '2019-01-13 11:48:58'),
(96, 'dolorem', 'Ad accusantium ea in ab adipisci. Et vel quia iure et aut quisquam numquam facere. Minima assumenda dolor aspernatur vero ut. Eum aliquid dolore nisi et explicabo asperiores harum atque. Nesciunt quaerat perferendis eos molestias itaque dolores ea.', 100, 0, 13, '2019-01-13 11:48:58', '2019-01-13 11:48:58'),
(97, 'et', 'Quae vero blanditiis facilis voluptatem fuga totam sit. Non adipisci optio eum dicta quia sint est iusto. Minima ad cupiditate voluptas excepturi. Error voluptas quidem nulla dignissimos id ex molestiae.', 100, 2, 21, '2019-01-13 11:48:58', '2019-01-13 11:48:58'),
(98, 'non', 'Voluptates iure reprehenderit pariatur velit aut maiores corrupti. Quas optio quo quia alias. Voluptatem quod dolore amet reiciendis. Incidunt nihil et architecto nulla. Commodi rerum at numquam quia voluptas eaque.', 100, 9, 11, '2019-01-13 11:48:58', '2019-01-13 11:48:58'),
(99, 'reprehenderit', 'Autem voluptas et quas. Error quia reiciendis voluptas molestiae facilis animi. Et a consequatur perferendis enim voluptas. Aut sit placeat incidunt voluptatibus ut.', 100, 7, 12, '2019-01-13 11:48:58', '2019-01-13 11:48:58'),
(100, 'consequuntur', 'Hic omnis porro nostrum ratione aut quis nostrum. Ipsa ad occaecati necessitatibus animi error. Ea dicta inventore consequatur. Cum odit magnam cumque repellat quos et quia.', 100, 9, 30, '2019-01-13 11:48:58', '2019-01-13 11:48:58');

-- --------------------------------------------------------

--
-- Table structure for table `reviews`
--

CREATE TABLE `reviews` (
  `id` int(10) UNSIGNED NOT NULL,
  `product_id` int(10) UNSIGNED NOT NULL,
  `custumer` varchar(255) COLLATE utf8mb4_unicode_ci NOT NULL,
  `review` text COLLATE utf8mb4_unicode_ci NOT NULL,
  `star` int(11) NOT NULL,
  `created_at` timestamp NULL DEFAULT NULL,
  `updated_at` timestamp NULL DEFAULT NULL
) ENGINE=InnoDB DEFAULT CHARSET=utf8mb4 COLLATE=utf8mb4_unicode_ci;

--
-- Dumping data for table `reviews`
--

INSERT INTO `reviews` (`id`, `product_id`, `custumer`, `review`, `star`, `created_at`, `updated_at`) VALUES
(1, 13, 'Jewell Orn', 'Est aut quaerat et iure et dolorem. Voluptate dolore eius assumenda in laudantium optio natus. Eum possimus ad sed ipsam facere sapiente velit ea. Sed est corporis odio omnis voluptas nisi.', 4, '2019-01-13 11:48:59', '2019-01-13 11:48:59'),
(2, 80, 'Mr. Darrell Collier', 'Commodi voluptatem quae nihil eligendi. Quam quisquam aperiam fugit optio mollitia. Corporis laudantium enim voluptatem nulla deserunt praesentium sunt. Maiores unde in dolor et tempora facere dolorem et. Architecto aspernatur illum recusandae sunt.', 1, '2019-01-13 11:48:59', '2019-01-13 11:48:59'),
(3, 72, 'Miss Dulce Wintheiser I', 'Ut iure provident quaerat hic est. Consequatur inventore vero corporis ipsam id. Voluptate doloribus at eius ipsum qui. Dolorem dolorum quam eius at.', 4, '2019-01-13 11:48:59', '2019-01-13 11:48:59'),
(4, 8, 'Dr. Myrtle Waters IV', 'Odit eos nisi nisi sit aspernatur officiis nihil voluptatem. Minima quod voluptas est ipsa perspiciatis labore sit. Suscipit sapiente debitis aut repellat et. Animi asperiores ratione modi reiciendis.', 4, '2019-01-13 11:48:59', '2019-01-13 11:48:59'),
(5, 65, 'Mrs. Clarissa Corwin II', 'Accusamus numquam laboriosam est saepe. Porro provident dolor iusto. Hic voluptatum eveniet molestiae sapiente impedit aut.', 4, '2019-01-13 11:48:59', '2019-01-13 11:48:59'),
(6, 76, 'Marina Lehner DDS', 'Suscipit aut eum perferendis corrupti quia ex. Velit enim voluptas et. Id dolorem laborum in quibusdam ea. Facilis aut voluptas quis recusandae error.', 5, '2019-01-13 11:48:59', '2019-01-13 11:48:59'),
(7, 69, 'Ila Stoltenberg', 'Rerum et velit sit voluptatem deserunt est aperiam. Tempora sunt suscipit explicabo voluptatem.', 4, '2019-01-13 11:48:59', '2019-01-13 11:48:59'),
(8, 6, 'Jennings Hodkiewicz', 'Ut maiores debitis dolore et enim delectus. Temporibus odio delectus excepturi eum consequatur nihil quibusdam quasi. Voluptates aut molestias assumenda culpa esse vitae. Provident velit nihil fuga quae ipsa et est aut.', 1, '2019-01-13 11:48:59', '2019-01-13 11:48:59'),
(9, 24, 'Merlin Spencer', 'Aut corrupti maxime eaque id. Eveniet sunt dolorum est consectetur. Voluptatum placeat excepturi minus est est quidem. Dolorum illum exercitationem adipisci modi temporibus aperiam.', 1, '2019-01-13 11:48:59', '2019-01-13 11:48:59'),
(10, 36, 'Lamont Parker', 'Iste vel voluptatibus quibusdam vero et. Dolor quidem ducimus ad temporibus minima atque assumenda eum. Aspernatur est maiores accusamus vero quos soluta cumque.', 5, '2019-01-13 11:48:59', '2019-01-13 11:48:59'),
(11, 15, 'Connor Hintz', 'Maiores dolor repellat pariatur dolores. Sed qui facere exercitationem cumque iure provident. Laudantium aut repellat sint in dicta. Ut eos ea voluptatum soluta facere laborum doloribus. Vero ad voluptatum nulla ut iure.', 4, '2019-01-13 11:48:59', '2019-01-13 11:48:59'),
(12, 73, 'Mr. Dorthy Kessler', 'Nemo nobis enim qui porro. Itaque voluptas nihil aut exercitationem nihil. Adipisci quia commodi delectus enim nihil. Nihil sunt fugiat minus et nemo.', 4, '2019-01-13 11:48:59', '2019-01-13 11:48:59'),
(13, 16, 'Prof. Dedric Langworth', 'Voluptatem omnis autem cumque doloremque repellendus labore. Perferendis et aut blanditiis alias quisquam rerum ut. Et ut sint corrupti qui.', 0, '2019-01-13 11:48:59', '2019-01-13 11:48:59'),
(14, 78, 'Alexane Legros', 'Occaecati praesentium cum aut quidem voluptatum ut. Id commodi est at. Quo sapiente eos pariatur ratione deleniti consectetur. Ducimus omnis et qui rerum officiis iste.', 3, '2019-01-13 11:48:59', '2019-01-13 11:48:59'),
(15, 97, 'Dr. Terrell Lemke', 'Eaque voluptas et voluptas dolorem accusamus molestiae nihil. Quia omnis explicabo provident autem distinctio aut ut. Ab beatae esse quis vel delectus consequatur.', 4, '2019-01-13 11:48:59', '2019-01-13 11:48:59'),
(16, 55, 'Prof. Sincere Carter', 'Quis accusamus est quo odio unde. Rerum corrupti quia consequatur. Tempora architecto optio asperiores molestias perspiciatis nostrum.', 4, '2019-01-13 11:48:59', '2019-01-13 11:48:59'),
(17, 71, 'Ulises O\'Connell', 'Rerum necessitatibus et dolor vel ipsa dolorem eos. Ipsum assumenda adipisci officiis blanditiis necessitatibus eaque vel. Ad repellat vero expedita nostrum.', 4, '2019-01-13 11:48:59', '2019-01-13 11:48:59'),
(18, 52, 'Dr. Ethyl Moore IV', 'Omnis illum expedita possimus. Fugiat quaerat odio ut sit.', 3, '2019-01-13 11:49:00', '2019-01-13 11:49:00'),
(19, 75, 'Mrs. Nettie Hansen Jr.', 'Est non voluptates perspiciatis cupiditate. Error animi nihil autem. Nihil aut quas quos aliquam. Iusto molestiae non voluptas dolores.', 3, '2019-01-13 11:49:00', '2019-01-13 11:49:00'),
(20, 19, 'Brooke Bechtelar', 'Aut doloremque sint in tempora perspiciatis. Id quibusdam facilis quam deserunt.', 4, '2019-01-13 11:49:00', '2019-01-13 11:49:00'),
(21, 9, 'Margie Kuphal PhD', 'Voluptatem cupiditate sunt amet veritatis. Qui dolor et nostrum velit architecto eum sapiente dolor. Numquam aspernatur at laboriosam consequatur nam unde. Et maiores doloremque qui facilis hic dolore sed.', 0, '2019-01-13 11:49:00', '2019-01-13 11:49:00'),
(22, 91, 'Kevin Boyle IV', 'Enim qui voluptas est. Ut velit quis et quasi dolorum fuga. Eos expedita fuga rerum autem. Illo et est eius quo aspernatur ad placeat.', 0, '2019-01-13 11:49:00', '2019-01-13 11:49:00'),
(23, 87, 'Kelsi McLaughlin', 'Voluptas deserunt sit qui quod. Id eius tempora impedit. Totam culpa rerum fugiat repellendus quas.', 1, '2019-01-13 11:49:00', '2019-01-13 11:49:00'),
(24, 29, 'Martine Johnston', 'Ratione enim necessitatibus perspiciatis minus officia. Commodi voluptatem reprehenderit ut voluptas. A et ab repellat.', 3, '2019-01-13 11:49:00', '2019-01-13 11:49:00'),
(25, 50, 'Roselyn Greenholt', 'Quibusdam veniam omnis minus aut. Est vel deleniti dolores est et rerum. Optio perspiciatis tempora voluptatem quasi aut nam.', 3, '2019-01-13 11:49:00', '2019-01-13 11:49:00'),
(26, 87, 'Fiona Kub', 'Fuga sit quia incidunt quia. Aut amet commodi cumque facere qui et. Facilis voluptatum modi laboriosam reprehenderit beatae quibusdam. Itaque maxime voluptas suscipit voluptatum ab.', 0, '2019-01-13 11:49:00', '2019-01-13 11:49:00'),
(27, 36, 'Gus Bahringer', 'Et dolor vero omnis voluptates et nisi et consequuntur. Suscipit doloremque qui nihil culpa. Quam eos dolores eum dolor atque architecto.', 2, '2019-01-13 11:49:00', '2019-01-13 11:49:00'),
(28, 90, 'Stan Cronin', 'Non libero aut dicta ratione. Est quisquam consequatur voluptatibus id ut officiis. Eum fuga sed neque fugiat nihil. Illum et illum at illum quo.', 5, '2019-01-13 11:49:00', '2019-01-13 11:49:00'),
(29, 23, 'Mrs. Juana Kassulke', 'Voluptatem voluptatem qui commodi laborum laudantium laboriosam veniam. Eos deserunt fugit quis placeat iusto itaque. Vero eveniet et voluptatem consequuntur qui consequatur.', 4, '2019-01-13 11:49:00', '2019-01-13 11:49:00'),
(30, 73, 'Miss Ida Hessel Sr.', 'Facilis officiis debitis in et. Sed ullam est ipsa consequatur repellendus. Tenetur autem iste nobis quas. Sequi assumenda placeat magni voluptatem iure asperiores.', 4, '2019-01-13 11:49:00', '2019-01-13 11:49:00'),
(31, 69, 'Mr. Maximus Koelpin DVM', 'Tenetur aut occaecati voluptas libero. Aut reprehenderit architecto voluptatibus soluta. Modi officiis id aut qui quas incidunt aliquam. Voluptatem iure ex quo unde nam. Explicabo aliquam facilis est sint iure rem corporis.', 1, '2019-01-13 11:49:00', '2019-01-13 11:49:00'),
(32, 32, 'Arlene Emard', 'Ea expedita laudantium et repellendus in pariatur eligendi. Quod vero assumenda laboriosam natus inventore. Nihil distinctio unde facere voluptas temporibus perspiciatis similique.', 3, '2019-01-13 11:49:00', '2019-01-13 11:49:00'),
(33, 96, 'Pedro Frami II', 'Cumque quasi voluptas ab. Nihil doloribus dolores rem. Autem voluptas velit omnis aut enim ut nobis. Et qui laboriosam vero. Repellat libero aut esse.', 5, '2019-01-13 11:49:00', '2019-01-13 11:49:00'),
(34, 17, 'Arthur Ratke', 'Ea perferendis voluptatem omnis harum molestias est. Ea similique architecto illum ipsum inventore et tempore. Vero autem harum voluptas eos.', 5, '2019-01-13 11:49:00', '2019-01-13 11:49:00'),
(35, 58, 'Ms. Kristina Jacobson IV', 'Aliquid non saepe qui suscipit odio. Voluptate distinctio quos eius necessitatibus. Distinctio voluptates ea reiciendis.', 0, '2019-01-13 11:49:00', '2019-01-13 11:49:00'),
(36, 27, 'Scarlett Dietrich', 'Consequuntur tempora voluptas qui autem. Qui saepe quam cupiditate provident. Alias corporis autem error placeat.', 0, '2019-01-13 11:49:00', '2019-01-13 11:49:00'),
(37, 88, 'Berniece Yost', 'Voluptatum qui minima aspernatur ipsa nulla odio corporis. Mollitia maxime amet et rem quae magnam corrupti. Veritatis voluptas voluptatem magni numquam dolorem non.', 0, '2019-01-13 11:49:00', '2019-01-13 11:49:00'),
(38, 83, 'Wilma Koch', 'Ut nihil architecto expedita et. Itaque quia reiciendis nesciunt natus non eum repellat.', 5, '2019-01-13 11:49:00', '2019-01-13 11:49:00'),
(39, 10, 'Asha Kub', 'Consectetur est ut aut repellendus quos eveniet laudantium. Et ut molestiae totam ipsum minima sit maiores. Omnis tempora vel quia iste fugiat aut ut. Aut voluptatem qui eos ex.', 4, '2019-01-13 11:49:00', '2019-01-13 11:49:00'),
(40, 22, 'Arlie Olson', 'Omnis quas dolor nobis. Et ducimus illum earum suscipit perferendis quia. Dolore cupiditate in occaecati debitis omnis ipsum. Repudiandae fugiat enim possimus illo rem.', 5, '2019-01-13 11:49:01', '2019-01-13 11:49:01'),
(41, 71, 'Miss Everette Rodriguez', 'Tenetur minus eum aut animi quia. Deserunt non doloremque distinctio quaerat placeat corporis laudantium. Praesentium velit et est rem pariatur. Sed et vel quia quis voluptatem eligendi.', 1, '2019-01-13 11:49:01', '2019-01-13 11:49:01'),
(42, 100, 'Newton Boehm', 'Rerum voluptatum eos dolore ea quos harum et. Similique architecto dolorem et adipisci.', 1, '2019-01-13 11:49:01', '2019-01-13 11:49:01'),
(43, 19, 'Green Cummerata', 'Suscipit sit quibusdam animi molestiae consectetur ratione. Quam voluptatibus ut labore possimus sequi dicta delectus. Tempora error hic et tempora aliquam. Inventore explicabo fugit inventore non. Modi consectetur qui qui et in iure molestiae.', 3, '2019-01-13 11:49:01', '2019-01-13 11:49:01'),
(44, 98, 'Germaine Hansen', 'Vero neque animi unde. In et sit accusantium eligendi assumenda qui. Omnis dolor sit molestiae est saepe sed quia iusto. Velit qui qui aut sed mollitia quas.', 2, '2019-01-13 11:49:01', '2019-01-13 11:49:01'),
(45, 2, 'Claudia Stokes', 'Et rerum ut et ipsa rem perferendis. Repellendus officia consectetur in sunt. Aspernatur cupiditate maxime amet magni eos atque. Et consequatur quia odio reiciendis et dicta et.', 5, '2019-01-13 11:49:01', '2019-01-13 11:49:01'),
(46, 17, 'Dr. Sylvia Gorczany IV', 'Quae harum nesciunt sed rerum nihil nam. Ut consequatur dolores quis ullam culpa. Accusamus et debitis atque similique et.', 2, '2019-01-13 11:49:01', '2019-01-13 11:49:01'),
(47, 48, 'Jabari Fahey', 'Vel suscipit facere repellat voluptas et vero consequatur. Nihil quis quas ea tenetur maxime assumenda. Dolor quis consequatur delectus perferendis iure. Cumque tenetur pariatur doloribus iste.', 5, '2019-01-13 11:49:01', '2019-01-13 11:49:01'),
(48, 25, 'Jamarcus Satterfield', 'Praesentium dolores praesentium sunt dolorem enim. Ipsa necessitatibus officiis et consequatur asperiores vitae. Dolores et voluptatibus praesentium sed rem rem.', 4, '2019-01-13 11:49:01', '2019-01-13 11:49:01'),
(49, 95, 'Joyce Muller II', 'Neque qui et provident quam vel ducimus nesciunt. Minus veniam ea est error quidem qui et deleniti. Atque assumenda et quia nihil commodi voluptatum magnam. Perspiciatis aut neque amet labore et. Excepturi soluta animi possimus.', 4, '2019-01-13 11:49:01', '2019-01-13 11:49:01'),
(50, 71, 'Horacio Paucek', 'Vel fugiat et reiciendis a quibusdam sint excepturi numquam. Eum molestias exercitationem blanditiis qui. Est ut debitis mollitia eos. Eum non et est.', 5, '2019-01-13 11:49:01', '2019-01-13 11:49:01'),
(51, 59, 'Abagail Schuppe', 'Et aut veniam sapiente. Exercitationem ut eos non sed. Unde ut unde impedit iste libero maxime. Omnis et laboriosam dolorum placeat voluptas. Necessitatibus dolore qui numquam voluptatem et aliquam ipsum.', 4, '2019-01-13 11:49:01', '2019-01-13 11:49:01'),
(52, 28, 'Lia Fisher', 'Quasi dignissimos repellendus dolor non et dolorum. Perferendis veritatis voluptate et assumenda quo iusto. Sed in laborum et non et. Exercitationem nam quia ullam soluta.', 1, '2019-01-13 11:49:01', '2019-01-13 11:49:01'),
(53, 10, 'Myrtie Fahey', 'Quasi eos quia architecto earum qui ut. Unde sint quo dolorem excepturi quia laudantium officia. Tenetur tempora quia quia placeat qui ratione. Veritatis ut ut nostrum numquam corrupti omnis.', 4, '2019-01-13 11:49:01', '2019-01-13 11:49:01'),
(54, 20, 'Dr. Mabel Mayer V', 'Quis quo consequuntur saepe non perferendis. Voluptate omnis vel optio itaque quasi. Architecto qui tempore placeat est adipisci facere. Nostrum animi molestias aut et libero facilis.', 1, '2019-01-13 11:49:01', '2019-01-13 11:49:01'),
(55, 65, 'Ryan Bruen', 'Molestiae nulla enim asperiores sit ut dolorem aperiam. Exercitationem aut repellendus eos exercitationem incidunt voluptas.', 1, '2019-01-13 11:49:01', '2019-01-13 11:49:01'),
(56, 69, 'Idella Vandervort', 'Molestiae aut et nobis sit. Non nisi nemo voluptate quia. Quia dolores ut molestias velit.', 1, '2019-01-13 11:49:01', '2019-01-13 11:49:01'),
(57, 86, 'Agnes Roob', 'Assumenda qui eaque in ullam voluptas assumenda et. Laudantium magnam aut reprehenderit. Quia distinctio repudiandae quia dolores. Quas ab qui eos dolor ea nihil quaerat.', 4, '2019-01-13 11:49:01', '2019-01-13 11:49:01'),
(58, 51, 'Dr. Boris Nienow', 'Et ullam nihil animi ducimus voluptatem laborum totam atque. Necessitatibus velit illo ducimus earum beatae veniam quia. Perferendis aut enim vero fuga.', 3, '2019-01-13 11:49:01', '2019-01-13 11:49:01'),
(59, 36, 'Mr. Nestor Feil DVM', 'Molestiae quam dolore necessitatibus aut et natus. Molestias quia eum magni eius. Aliquam voluptatem in sunt quasi eum aut porro.', 4, '2019-01-13 11:49:02', '2019-01-13 11:49:02'),
(60, 72, 'Ms. Harmony McDermott PhD', 'Dolorem dolor commodi est cupiditate tempora aut dolores. Est doloremque quasi sed aut deleniti eius. Consequatur eos quisquam non nihil sapiente tempore. Sit accusamus ipsam consequatur aut ad quasi sed.', 1, '2019-01-13 11:49:02', '2019-01-13 11:49:02'),
(61, 10, 'Murphy Haag', 'Saepe et molestiae nemo dolores nihil. Repudiandae voluptas exercitationem error.', 2, '2019-01-13 11:49:02', '2019-01-13 11:49:02'),
(62, 8, 'Rosella Olson', 'Sit sit reprehenderit qui et. Accusamus laudantium aut consequatur nulla qui officiis ratione voluptas. Inventore repellendus cum in sequi.', 3, '2019-01-13 11:49:02', '2019-01-13 11:49:02'),
(63, 60, 'Cali Mills', 'Non dignissimos sapiente temporibus ipsa harum. Est libero ut tempore. Adipisci voluptas molestiae repellendus magni totam tempora. Nostrum et aut ut accusantium sed quidem nemo et.', 1, '2019-01-13 11:49:02', '2019-01-13 11:49:02'),
(64, 53, 'Mr. Irving Kovacek', 'Fugiat id labore ut aperiam illo nulla magni qui. Iure ex modi voluptas necessitatibus. In tempore saepe quibusdam soluta. Ipsa est consequatur cumque recusandae. Odio rem error vero ut eos.', 3, '2019-01-13 11:49:02', '2019-01-13 11:49:02'),
(65, 98, 'Brody Hahn', 'Saepe enim adipisci voluptas qui voluptas. Saepe natus suscipit dolores et perferendis corporis. Soluta enim alias non. Eaque ut dolore culpa mollitia.', 0, '2019-01-13 11:49:02', '2019-01-13 11:49:02'),
(66, 26, 'Wilhelmine Bechtelar', 'Debitis labore fugit veniam eveniet. Voluptas a qui cumque qui tenetur sed velit et. Excepturi possimus ipsam autem repellat possimus est. Id doloremque deleniti est id culpa minus magni.', 0, '2019-01-13 11:49:02', '2019-01-13 11:49:02'),
(67, 23, 'Jazmyn Schiller', 'Repellendus sit architecto ut magnam tempore nulla sunt in. Voluptatem voluptatem et assumenda ut maxime fuga atque. Et tenetur inventore sit consequuntur.', 5, '2019-01-13 11:49:02', '2019-01-13 11:49:02'),
(68, 48, 'Mrs. Nettie Fay', 'Et quia fuga qui ut in est excepturi. Et accusamus rerum impedit asperiores ullam. Quia fugit et quidem quaerat sunt incidunt sunt iste.', 0, '2019-01-13 11:49:02', '2019-01-13 11:49:02'),
(69, 72, 'Alice Marvin IV', 'Ea sit ex temporibus illo nostrum inventore nam. Reprehenderit laborum aliquam odit et reiciendis. Accusantium a aut aut exercitationem quis qui odio.', 3, '2019-01-13 11:49:02', '2019-01-13 11:49:02'),
(70, 92, 'Cecile Wyman', 'Culpa consequatur eos dolores adipisci accusamus consequuntur non ea. Velit vel voluptas saepe quo. Eos libero et ea quis.', 4, '2019-01-13 11:49:02', '2019-01-13 11:49:02'),
(71, 32, 'Sonya Fay IV', 'Praesentium et consequatur magni est eius fugiat laudantium. Ut a omnis quibusdam qui nesciunt illo rem. Voluptas tempore quis itaque illo qui. Eaque corrupti quo laboriosam harum ea.', 0, '2019-01-13 11:49:02', '2019-01-13 11:49:02'),
(72, 63, 'Kaden Mills', 'Ratione sed voluptatibus laudantium vero molestiae et cumque ratione. Alias odit eveniet est qui quo atque repudiandae asperiores.', 4, '2019-01-13 11:49:02', '2019-01-13 11:49:02'),
(73, 52, 'Giovanny Nader Sr.', 'Autem est earum ut beatae dolor accusantium. Molestiae rerum nam architecto explicabo est quae dolor. Voluptatum animi corporis consequatur nihil aut.', 5, '2019-01-13 11:49:02', '2019-01-13 11:49:02'),
(74, 99, 'Mr. Jasmin Stoltenberg Sr.', 'Quis iste neque est beatae debitis enim in. Non aut eligendi incidunt sit eum. Voluptatum qui sit aut omnis. Similique qui eaque et quaerat vel modi atque.', 1, '2019-01-13 11:49:02', '2019-01-13 11:49:02'),
(75, 63, 'Brooke Littel', 'Voluptates enim sit ex non nulla illum ea. Sapiente qui et in ut. Quo consequatur nihil quas. Voluptatem quia odio aut qui aut.', 0, '2019-01-13 11:49:02', '2019-01-13 11:49:02'),
(76, 49, 'Joannie McDermott Sr.', 'Voluptatem explicabo culpa est. Dolor quidem est provident maxime quisquam eaque. Nam qui eum id voluptas recusandae. Adipisci cupiditate dolorum aliquam voluptas.', 5, '2019-01-13 11:49:02', '2019-01-13 11:49:02'),
(77, 83, 'Mrs. Nedra Kovacek PhD', 'Eum provident illo harum doloribus quibusdam aut. Explicabo rerum eos dignissimos eos iusto ut officiis. Earum natus at voluptas laboriosam qui possimus.', 3, '2019-01-13 11:49:02', '2019-01-13 11:49:02'),
(78, 3, 'Mrs. Bernita Lueilwitz DVM', 'Molestiae dolores eum qui porro neque. Itaque quae nulla esse quisquam dolorum aperiam. Suscipit voluptatibus sunt perferendis et. Quisquam voluptate quos rerum voluptatem dolore.', 0, '2019-01-13 11:49:03', '2019-01-13 11:49:03'),
(79, 94, 'Fae Renner', 'Ipsam natus voluptatem quod sed nihil exercitationem. Necessitatibus sint possimus ut consequatur et aut. Occaecati sint dolorem amet minima. Temporibus enim soluta nihil alias ipsa quo.', 2, '2019-01-13 11:49:03', '2019-01-13 11:49:03'),
(80, 86, 'Dr. Crystel Olson II', 'Ipsa vel dolores et quia animi. Numquam debitis reiciendis sunt illo molestias omnis. Ut aliquam animi veritatis magni minima.', 1, '2019-01-13 11:49:03', '2019-01-13 11:49:03'),
(81, 95, 'Jolie Harvey', 'Ea minima quisquam sed earum voluptatum aut consequatur. Eos dolores culpa quos. Id ut nihil laborum qui.', 2, '2019-01-13 11:49:03', '2019-01-13 11:49:03'),
(82, 88, 'Joelle Douglas', 'Qui accusamus optio dolor vitae voluptatem delectus ea alias. Asperiores sint pariatur quis sit sed. Amet repellendus qui sit reprehenderit.', 5, '2019-01-13 11:49:03', '2019-01-13 11:49:03'),
(83, 23, 'Mr. John Wiegand', 'Debitis nihil nobis vitae optio repellendus. Optio quam qui ipsam qui. Libero similique ad non et sint neque. Error aut est et molestias quas.', 3, '2019-01-13 11:49:03', '2019-01-13 11:49:03'),
(84, 33, 'Ms. Dominique Kertzmann', 'Dolorem illo dolor soluta voluptatibus enim. Odit omnis ipsum autem sed velit voluptatibus. Ea ad est quisquam.', 1, '2019-01-13 11:49:03', '2019-01-13 11:49:03'),
(85, 61, 'Prof. Maritza Hackett V', 'Et suscipit ut expedita consequuntur. Dolor illum et dolor eum nam quia nesciunt. Ea ab sint est qui dicta.', 0, '2019-01-13 11:49:03', '2019-01-13 11:49:03'),
(86, 52, 'Darren Balistreri', 'Et qui quas quia deleniti voluptatem ea. Consequatur in quia explicabo dolores praesentium ut. Ea rerum saepe sunt ipsum sint. Officiis nihil quaerat consequatur consequatur saepe.', 2, '2019-01-13 11:49:03', '2019-01-13 11:49:03'),
(87, 9, 'Ms. Tess Dare V', 'Nihil ad voluptas et nobis rerum ducimus libero. Perspiciatis ut harum similique ut ipsum sed eos. Vitae blanditiis reiciendis tempora qui neque occaecati.', 1, '2019-01-13 11:49:03', '2019-01-13 11:49:03'),
(88, 31, 'Lauryn Predovic PhD', 'Illo natus iure aperiam non omnis totam ducimus. Et nulla quod sunt cupiditate omnis. Animi dolorum dolore eum laboriosam nam libero sed. Odit ipsum beatae tempora exercitationem repellat labore.', 0, '2019-01-13 11:49:03', '2019-01-13 11:49:03'),
(89, 30, 'Ross Von DDS', 'Quisquam et dolorem mollitia assumenda quae dignissimos. Sequi enim architecto corporis corrupti sed autem. Sunt qui voluptatem voluptate dicta aut.', 2, '2019-01-13 11:49:03', '2019-01-13 11:49:03'),
(90, 8, 'Shawna O\'Hara', 'Ea suscipit nobis qui nulla quae consectetur. Magni a consequatur architecto beatae ratione. Consectetur voluptatibus esse aliquid et.', 5, '2019-01-13 11:49:03', '2019-01-13 11:49:03'),
(91, 40, 'Curtis Padberg Jr.', 'Quod soluta nesciunt quis porro architecto. Sint aperiam in quibusdam aliquid saepe non.', 0, '2019-01-13 11:49:03', '2019-01-13 11:49:03'),
(92, 88, 'Eloisa Kassulke', 'Temporibus ea accusamus autem asperiores repellendus aperiam voluptatum ipsa. Voluptas repellat totam omnis rerum architecto quisquam modi.', 5, '2019-01-13 11:49:03', '2019-01-13 11:49:03'),
(93, 48, 'Prof. Bart Rogahn', 'Dolores qui accusamus a. Praesentium qui impedit architecto explicabo. Aliquam repudiandae molestiae accusantium sit.', 0, '2019-01-13 11:49:03', '2019-01-13 11:49:03'),
(94, 45, 'Eleanora Bogisich', 'Ut voluptas nihil vero dignissimos qui. Eos quod nemo ut et magnam non consequatur repellendus. Deserunt dignissimos aut qui dolorem dolorem.', 0, '2019-01-13 11:49:03', '2019-01-13 11:49:03'),
(95, 86, 'Amelia Dare Jr.', 'Magni voluptate quis quia maxime voluptatem aut quidem. Debitis delectus facere consequuntur recusandae. Et deleniti facilis libero voluptas ea sed inventore. Dicta eligendi et enim earum.', 5, '2019-01-13 11:49:03', '2019-01-13 11:49:03'),
(96, 74, 'Mrs. Leda West', 'Facilis itaque blanditiis tempora ab distinctio consequatur voluptatem. Eaque accusamus corrupti omnis dolores reprehenderit. Eveniet ab tenetur quibusdam porro impedit.', 3, '2019-01-13 11:49:03', '2019-01-13 11:49:03'),
(97, 26, 'Gerard Schimmel', 'Nulla aut atque blanditiis quidem eum. Illo sapiente laudantium consequatur optio. Id at veniam qui cumque exercitationem. Harum enim pariatur minus minima itaque velit nisi.', 0, '2019-01-13 11:49:03', '2019-01-13 11:49:03'),
(98, 65, 'Alexandrine Rutherford', 'Explicabo rerum libero est et in. Similique est dolorum ducimus voluptates nam optio repellat. Repellendus perferendis quis doloremque fugit fugiat consequatur. Explicabo minima in incidunt error nihil. Labore aut perspiciatis cupiditate reprehenderit blanditiis asperiores facilis.', 0, '2019-01-13 11:49:03', '2019-01-13 11:49:03'),
(99, 37, 'Antonietta Schmitt', 'Sunt dolorem dolorem ad. Sit aut tempora quia voluptas perspiciatis voluptatem architecto. Non tempora et pariatur vero quibusdam.', 2, '2019-01-13 11:49:03', '2019-01-13 11:49:03'),
(100, 5, 'Irma Mann', 'Quia architecto iusto suscipit voluptatem quasi. Impedit delectus quam ullam. Minus sed voluptatem voluptatem et sunt eum.', 2, '2019-01-13 11:49:04', '2019-01-13 11:49:04'),
(101, 100, 'Prof. Skye Legros Sr.', 'Et nostrum ut eum. Accusamus error omnis aut dolores. Facere velit nulla et nam alias praesentium. Suscipit et totam perspiciatis laudantium ullam.', 4, '2019-01-13 11:49:04', '2019-01-13 11:49:04'),
(102, 69, 'Mr. Alexis Schumm', 'Non reiciendis sed ullam quod. Aut temporibus ea ad voluptate aut magnam. Facere provident ut dolorem perferendis dolorum ipsum et.', 1, '2019-01-13 11:49:04', '2019-01-13 11:49:04'),
(103, 85, 'Dr. Anya Gleason', 'Sit voluptatem dicta voluptatibus assumenda sunt culpa optio. Provident totam reprehenderit similique error beatae velit id eos. Quas aut soluta omnis a eum occaecati aut mollitia.', 5, '2019-01-13 11:49:04', '2019-01-13 11:49:04'),
(104, 96, 'Freida Jones', 'Nobis nostrum qui harum exercitationem et magni. Vel sequi impedit amet officiis tempore. Quos eius quod repellat sit et expedita. Culpa natus fugit voluptatum et est quidem saepe rerum.', 5, '2019-01-13 11:49:04', '2019-01-13 11:49:04'),
(105, 50, 'Beryl Flatley DVM', 'Unde modi voluptatem ut libero placeat. Aut et consequatur placeat. Illum occaecati consequuntur dicta voluptas error. Tempora non asperiores laudantium molestias.', 4, '2019-01-13 11:49:04', '2019-01-13 11:49:04'),
(106, 29, 'Felton Borer', 'Eveniet dolor facere est esse. Enim rerum qui facere harum ipsam eius. Minima voluptas consequatur ipsam aliquid dolorem nesciunt provident iste. Rerum illum officia distinctio eaque porro.', 0, '2019-01-13 11:49:04', '2019-01-13 11:49:04'),
(107, 49, 'Miss Dorothy Hudson', 'Et dignissimos consequatur velit atque maiores qui. Enim neque reiciendis rem. Sit reprehenderit adipisci architecto rerum et. Commodi modi et exercitationem itaque vel earum maxime voluptas.', 3, '2019-01-13 11:49:04', '2019-01-13 11:49:04'),
(108, 20, 'Jasen Walter', 'Similique quasi incidunt non et ea. Aliquam quis ea dolore hic maiores aut. Perferendis quos aut voluptates natus et non et ducimus.', 3, '2019-01-13 11:49:04', '2019-01-13 11:49:04'),
(109, 17, 'Mr. Vinnie Grant', 'Esse ex aut natus sunt molestiae reprehenderit. Delectus sed ex voluptatem sunt aliquam provident. Vitae ea doloribus ut non deleniti deleniti molestiae. Sed asperiores minus modi corporis.', 0, '2019-01-13 11:49:04', '2019-01-13 11:49:04'),
(110, 30, 'Meghan Kuhlman', 'Voluptatum ipsam nihil dolores minus hic. Et sunt voluptates ipsa fugit accusamus adipisci. Provident iusto maxime in. Ut ad sunt et placeat.', 3, '2019-01-13 11:49:04', '2019-01-13 11:49:04'),
(111, 77, 'Ofelia Gibson', 'Quis assumenda doloremque impedit expedita. Animi neque deserunt qui eum exercitationem quas. Non qui doloremque omnis quaerat tempora hic dolorum.', 1, '2019-01-13 11:49:04', '2019-01-13 11:49:04'),
(112, 5, 'Elfrieda Robel', 'Atque cumque voluptate non et eos illum aspernatur et. Possimus tempora dolorum facere voluptatem aut. Dolor dolores eos mollitia ad. Aut occaecati sit eum nam.', 2, '2019-01-13 11:49:04', '2019-01-13 11:49:04'),
(113, 69, 'Ella Bosco', 'Expedita earum aspernatur et consequatur exercitationem sequi. Nobis perspiciatis vel et et. Omnis aut voluptatem saepe rerum. Qui veritatis quibusdam dignissimos omnis aut iure consequuntur.', 2, '2019-01-13 11:49:04', '2019-01-13 11:49:04'),
(114, 37, 'Nyasia Hartmann I', 'Qui eveniet facere est. Voluptatem consequatur quaerat et dignissimos. Qui similique dolores iste ipsum dolore. Non id et velit adipisci rem quia consequatur. Quasi assumenda est id quod non modi nihil.', 2, '2019-01-13 11:49:04', '2019-01-13 11:49:04'),
(115, 69, 'Wilfredo Nicolas', 'Consequatur consectetur omnis ut soluta magnam aspernatur. Debitis saepe quos quia non et sit ratione quae. Iste harum aut voluptate perspiciatis quas dolorum. Est enim hic porro omnis eveniet.', 0, '2019-01-13 11:49:04', '2019-01-13 11:49:04'),
(116, 31, 'Mr. Tracey Wolff I', 'Sed illum harum rerum quo. Consequatur enim aut velit excepturi. Molestiae est sit ex.', 0, '2019-01-13 11:49:04', '2019-01-13 11:49:04'),
(117, 64, 'Stephon Trantow', 'Ut fuga quisquam dicta placeat voluptatem quaerat. Dolor et error eum totam eum vel.', 2, '2019-01-13 11:49:04', '2019-01-13 11:49:04'),
(118, 54, 'Ethan Kozey', 'Delectus sint numquam dolorum rem. Est atque officiis exercitationem asperiores itaque. Fugit quos et doloribus quo. Dolore mollitia molestiae laboriosam iste neque autem.', 4, '2019-01-13 11:49:05', '2019-01-13 11:49:05'),
(119, 26, 'Mr. Charles Renner', 'Velit tempore laboriosam eos tempore aliquam quia quisquam. Qui necessitatibus dolor reprehenderit amet. Tempora aut facere temporibus quam. Consequatur totam minima natus occaecati est saepe.', 4, '2019-01-13 11:49:05', '2019-01-13 11:49:05'),
(120, 59, 'Joseph Hammes', 'Repellendus reiciendis aspernatur doloremque alias ratione. Sint voluptatem corporis maxime omnis architecto dicta. Cupiditate fugiat et molestiae fuga.', 1, '2019-01-13 11:49:05', '2019-01-13 11:49:05'),
(121, 53, 'Brett Feeney', 'Vitae quis deleniti ut quo. Sunt magni quas est nemo. Itaque molestiae aspernatur quas maxime.', 2, '2019-01-13 11:49:05', '2019-01-13 11:49:05'),
(122, 46, 'Amy Franecki I', 'Nemo in non minima suscipit corrupti architecto. Voluptas ab exercitationem earum. Sunt dolorem consectetur et temporibus quas.', 3, '2019-01-13 11:49:05', '2019-01-13 11:49:05'),
(123, 76, 'Damion Haley', 'Ipsum magnam quia molestiae corporis reiciendis recusandae. Voluptatem nulla voluptas eum dolores doloremque itaque. Qui illum reprehenderit dolorum dolorem quod repudiandae error.', 5, '2019-01-13 11:49:05', '2019-01-13 11:49:05'),
(124, 15, 'Alejandra Kihn', 'Expedita impedit et rerum officiis commodi rem ullam. Illum dolores eligendi dolorem exercitationem tempora enim. Sint totam ut harum nostrum dolore.', 1, '2019-01-13 11:49:05', '2019-01-13 11:49:05'),
(125, 65, 'Laney Kerluke DVM', 'Nisi fugiat et iure doloribus quo consequuntur. Distinctio earum non molestiae nihil occaecati non. Sit molestiae deleniti numquam aut aut quisquam. Possimus laborum ut ut et vitae.', 2, '2019-01-13 11:49:05', '2019-01-13 11:49:05'),
(126, 63, 'Mr. Osborne Medhurst', 'Saepe totam magni neque quo ipsum eveniet. Nam culpa suscipit quod quisquam nostrum iste. Quo illum quibusdam assumenda omnis dicta repudiandae ipsam. Aspernatur labore aut id et.', 1, '2019-01-13 11:49:05', '2019-01-13 11:49:05'),
(127, 6, 'Brenda Lowe', 'Libero et ad hic et maiores. Dicta culpa aliquid sint alias velit voluptatem veniam saepe. Odit rerum aut eum vitae nihil alias veniam.', 1, '2019-01-13 11:49:05', '2019-01-13 11:49:05'),
(128, 93, 'Dr. Sheldon Davis III', 'Numquam facilis perspiciatis earum id corporis. Quaerat corrupti tempore maiores aperiam nesciunt. Dolorem deleniti quo architecto animi.', 5, '2019-01-13 11:49:05', '2019-01-13 11:49:05'),
(129, 21, 'Mr. Tyrel Skiles', 'Cum magni iusto quibusdam expedita omnis fuga voluptas harum. Assumenda ut in aliquid repellendus. Ex voluptatibus eum rerum dolorem suscipit eius. Non corrupti commodi nemo possimus quisquam.', 1, '2019-01-13 11:49:05', '2019-01-13 11:49:05'),
(130, 68, 'Prof. Tara Spencer IV', 'Iure aut eligendi autem natus. Ullam consequatur omnis maxime voluptates odit. Aut quisquam repellat voluptatibus qui ut corrupti.', 4, '2019-01-13 11:49:05', '2019-01-13 11:49:05'),
(131, 60, 'Mr. Cleo Spinka', 'Hic et labore ut nisi provident inventore enim. Voluptatem facilis ipsa qui culpa beatae expedita. Eius non voluptate dolorem magni adipisci culpa. Molestiae iste quia fugit ut deserunt ratione.', 2, '2019-01-13 11:49:05', '2019-01-13 11:49:05'),
(132, 8, 'Jamil Little', 'Molestias ab et laudantium vel similique quidem recusandae laborum. A quia adipisci quam recusandae. In modi est quidem odit. Assumenda quaerat reprehenderit eveniet quia cum reprehenderit ab voluptatem.', 1, '2019-01-13 11:49:05', '2019-01-13 11:49:05'),
(133, 37, 'Doris Kuhlman II', 'Doloremque facere unde eaque voluptatem quidem. Aut natus tempora officiis beatae numquam. Omnis voluptate consequatur qui ut.', 5, '2019-01-13 11:49:05', '2019-01-13 11:49:05'),
(134, 80, 'Austin Kozey', 'Veniam architecto veritatis ut est. Dolore est exercitationem omnis voluptas vel ut minus quod. Dolorem non ea optio voluptate.', 3, '2019-01-13 11:49:05', '2019-01-13 11:49:05'),
(135, 99, 'Dr. Leonardo Wolf PhD', 'Omnis in possimus explicabo at earum officiis dolorem. Atque reiciendis perferendis beatae eos quod. Est quo optio debitis quis.', 4, '2019-01-13 11:49:05', '2019-01-13 11:49:05'),
(136, 10, 'Murphy Veum', 'Voluptatem ut laudantium earum hic dolorem. Iure sunt vitae sit aliquam recusandae. Qui error est sit sit et aut quidem. Neque et quidem officia repellat mollitia qui consequatur.', 3, '2019-01-13 11:49:05', '2019-01-13 11:49:05'),
(137, 75, 'Miss Whitney Hintz PhD', 'Iusto ut qui necessitatibus ea. Dicta est voluptatem sit iure et voluptates et. Dolorem earum qui quidem laudantium qui et.', 1, '2019-01-13 11:49:06', '2019-01-13 11:49:06'),
(138, 9, 'Dr. Mara Stark', 'In rerum architecto quo sapiente id consectetur quasi ad. Dolor eos et aliquid laudantium et voluptas delectus impedit. Perspiciatis aliquam enim architecto alias veritatis consequatur ab.', 1, '2019-01-13 11:49:06', '2019-01-13 11:49:06'),
(139, 46, 'Lew Kozey', 'Qui assumenda culpa molestiae sint labore sed necessitatibus. Officiis maiores qui omnis beatae sit nihil cumque. Neque quaerat similique enim impedit. Qui omnis iusto cumque et iusto aperiam.', 0, '2019-01-13 11:49:06', '2019-01-13 11:49:06'),
(140, 66, 'Laron Lynch', 'Vitae sapiente sequi aut itaque. Error ullam ut cupiditate autem quis aut. Corrupti debitis enim vel repellat. Provident sed mollitia ea eos.', 5, '2019-01-13 11:49:06', '2019-01-13 11:49:06'),
(141, 39, 'Keanu Will', 'Et ut nulla sequi vel expedita occaecati. Eligendi ex deserunt quo. Harum quo vitae laborum labore expedita debitis nobis hic.', 3, '2019-01-13 11:49:06', '2019-01-13 11:49:06'),
(142, 68, 'Cara Rowe', 'Quis et aspernatur voluptatem quia dolor numquam. Officia ut voluptas enim a dolor. Aspernatur facere quia dolorum porro. Iusto dolorem molestias dignissimos doloremque. Sint distinctio error aut inventore.', 4, '2019-01-13 11:49:06', '2019-01-13 11:49:06'),
(143, 76, 'Arden Torp', 'Labore consectetur adipisci aut placeat. Velit consectetur nemo unde repudiandae molestias corrupti vel. Quo fugiat ipsa deserunt dolor incidunt quod. Dolore a omnis et voluptate.', 2, '2019-01-13 11:49:06', '2019-01-13 11:49:06'),
(144, 23, 'Franco Corkery', 'Eum aut nemo aut accusantium perferendis. Laborum in eum rem maxime. Ipsum modi autem in molestias et.', 4, '2019-01-13 11:49:06', '2019-01-13 11:49:06'),
(145, 45, 'Prof. Ima Schamberger', 'Totam optio nihil et sit aut. Excepturi exercitationem enim ut explicabo. Autem molestiae odit libero et aut atque tenetur.', 4, '2019-01-13 11:49:06', '2019-01-13 11:49:06'),
(146, 14, 'Miss Susanna Mitchell', 'Enim sed quisquam aut hic ex voluptas nihil. Architecto rerum et totam dicta non. Aliquam numquam architecto et quia omnis ipsa eum dolorem. Temporibus enim odio maxime. Aut qui et qui exercitationem.', 3, '2019-01-13 11:49:06', '2019-01-13 11:49:06'),
(147, 91, 'Pascale Dach I', 'Nobis quibusdam aut voluptas perspiciatis perspiciatis et ut. Voluptate ut est debitis excepturi. Nemo dolorum asperiores nobis quidem dolores.', 3, '2019-01-13 11:49:06', '2019-01-13 11:49:06'),
(148, 97, 'Antwan Lueilwitz', 'Esse voluptatem aspernatur itaque officiis rerum. Qui commodi velit dignissimos architecto.', 3, '2019-01-13 11:49:06', '2019-01-13 11:49:06'),
(149, 68, 'Dr. Jovanny Rowe DDS', 'Ipsum voluptate inventore est officia et aut sed quam. Dolores optio possimus qui omnis. Exercitationem quasi est at dolorum.', 3, '2019-01-13 11:49:06', '2019-01-13 11:49:06'),
(150, 100, 'Dalton Satterfield', 'Exercitationem iure voluptate dolores consequatur est. Voluptatem quia molestias sunt beatae est vitae.', 3, '2019-01-13 11:49:06', '2019-01-13 11:49:06'),
(151, 59, 'Mr. Arely Skiles II', 'Voluptatum similique corporis consequuntur expedita magni. Placeat officiis excepturi sunt recusandae quidem sed. Provident eveniet mollitia provident veritatis. Optio consectetur ipsum rem voluptate vitae modi perferendis.', 0, '2019-01-13 11:49:06', '2019-01-13 11:49:06'),
(152, 80, 'Paul Stokes', 'Ut eius impedit eum. Laborum maxime itaque ullam aut. Quaerat ipsa quia nihil omnis architecto. Sed est dolorem inventore reiciendis molestiae.', 5, '2019-01-13 11:49:06', '2019-01-13 11:49:06'),
(153, 60, 'Dr. Devin Barrows', 'At praesentium expedita unde earum autem quis. Sint at et velit repellendus non tenetur sit sed. Delectus tempore sed id esse animi voluptas cum.', 2, '2019-01-13 11:49:06', '2019-01-13 11:49:06'),
(154, 27, 'Jada Kuhic III', 'Doloremque officia sed vel labore fugit sint. Nesciunt beatae reprehenderit necessitatibus. Ipsam odit et qui cum sed quo vitae corporis.', 3, '2019-01-13 11:49:06', '2019-01-13 11:49:06'),
(155, 65, 'Gerda Stracke', 'Aut est expedita unde nesciunt. Delectus molestiae omnis omnis quo magnam quibusdam. Perspiciatis reprehenderit sint nostrum.', 3, '2019-01-13 11:49:07', '2019-01-13 11:49:07'),
(156, 77, 'Jaden Kiehn I', 'Dignissimos voluptatem et velit sint. Pariatur nam dolor dolorum laboriosam. Sed quia consectetur amet cupiditate quae similique voluptas. Culpa est id quisquam iure libero autem.', 5, '2019-01-13 11:49:07', '2019-01-13 11:49:07'),
(157, 80, 'Brittany Hills', 'Consectetur incidunt maxime voluptatem eum porro possimus. Exercitationem voluptatem voluptates qui doloremque nulla nesciunt sapiente. Molestias porro id eaque ut. Dolorem qui excepturi dolores optio iusto eos.', 2, '2019-01-13 11:49:07', '2019-01-13 11:49:07'),
(158, 14, 'Timmy O\'Conner', 'Aut aspernatur autem dolor dolore eum. Recusandae atque porro aut eveniet vitae. Voluptatum a iste atque autem ut.', 4, '2019-01-13 11:49:07', '2019-01-13 11:49:07'),
(159, 17, 'Lilyan Schmeler', 'Sint pariatur est sunt sint debitis ipsum aperiam. Perferendis nihil asperiores natus et vel optio necessitatibus. Culpa beatae minima aut animi aut.', 0, '2019-01-13 11:49:07', '2019-01-13 11:49:07'),
(160, 34, 'Angie McCullough', 'Nobis et qui minus est voluptas totam. Dolore sit ullam mollitia sed quis perspiciatis. Aspernatur temporibus ut animi sed a harum necessitatibus.', 3, '2019-01-13 11:49:07', '2019-01-13 11:49:07'),
(161, 6, 'Felicia Koepp MD', 'Laboriosam est cumque beatae. Qui nemo repellat suscipit molestias consequatur. Repellendus accusamus non ut. Vel optio magni sit harum.', 5, '2019-01-13 11:49:07', '2019-01-13 11:49:07'),
(162, 2, 'Mr. Jean Casper PhD', 'Quia praesentium asperiores alias et. Fugiat et minima laborum dicta et aut. Autem minus cumque autem qui. Adipisci voluptatem culpa quas non.', 4, '2019-01-13 11:49:07', '2019-01-13 11:49:07'),
(163, 50, 'Mrs. Loma Wiegand', 'Voluptate neque adipisci assumenda ab id at veniam. Ex dignissimos iste sequi deserunt doloremque. Eos libero optio eaque.', 2, '2019-01-13 11:49:07', '2019-01-13 11:49:07'),
(164, 9, 'Alverta Waelchi', 'Quia sint laborum architecto cupiditate autem. Delectus alias qui qui itaque tempora non consequuntur qui. Unde id ullam repellat quia officiis. Placeat adipisci vero voluptas nihil laborum doloremque voluptatem.', 5, '2019-01-13 11:49:07', '2019-01-13 11:49:07'),
(165, 34, 'Damien Murphy', 'Quas magni deleniti corrupti fugit. Dignissimos similique voluptas rem laborum. Rerum ut dolor commodi nulla. Accusantium iste iusto excepturi quis ea et.', 2, '2019-01-13 11:49:07', '2019-01-13 11:49:07'),
(166, 94, 'Cara Walter', 'Et cumque voluptatibus aliquid quis qui eaque non. Non consequatur necessitatibus culpa magnam rerum illum. Dignissimos non debitis in vitae magnam optio facere. Impedit quas accusamus magni earum cupiditate rerum harum aut.', 0, '2019-01-13 11:49:07', '2019-01-13 11:49:07'),
(167, 8, 'Saul Keebler', 'Rerum et et iusto quibusdam qui sed. Dolorum non nulla consectetur dolorem hic atque voluptates. Earum qui mollitia fuga commodi totam qui. Deserunt eligendi non dolorum fugiat. Quasi rerum libero rerum ipsam.', 2, '2019-01-13 11:49:07', '2019-01-13 11:49:07'),
(168, 17, 'Leonel Doyle', 'Sunt omnis amet nisi quidem dolor. Quo pariatur sequi a facilis enim quis. Voluptas error alias nihil labore. Hic molestias et aut quod.', 5, '2019-01-13 11:49:07', '2019-01-13 11:49:07'),
(169, 89, 'Chanel Vandervort', 'Sint amet voluptatibus unde repellat veniam deserunt ut. Velit eveniet expedita quisquam est tempora est ea. Quas officiis cupiditate nihil. Soluta aut vitae in veniam deserunt consequuntur qui.', 0, '2019-01-13 11:49:07', '2019-01-13 11:49:07'),
(170, 43, 'Jed Block', 'In in ipsum nesciunt facilis tempora voluptas. Occaecati eos et maxime repellendus. Exercitationem eum optio et laboriosam illo omnis. Et dolores et in perferendis alias quo hic.', 4, '2019-01-13 11:49:07', '2019-01-13 11:49:07'),
(171, 50, 'Mr. Murray Batz V', 'Quos est temporibus culpa. Sed qui deleniti sunt placeat. Accusamus nulla aut voluptatum qui omnis voluptas. Architecto reiciendis nulla corrupti beatae quia.', 2, '2019-01-13 11:49:07', '2019-01-13 11:49:07'),
(172, 22, 'Abel Dare', 'Quia aut aut quos. Iusto mollitia dolorem itaque est sint. Voluptas accusantium quos beatae sed eos dicta odit.', 3, '2019-01-13 11:49:07', '2019-01-13 11:49:07'),
(173, 48, 'Queenie Glover', 'Rerum deleniti excepturi suscipit sed praesentium. Expedita sed ipsa possimus repellendus id voluptas. Quisquam aut odit eos quas voluptatem ut est tempore.', 1, '2019-01-13 11:49:08', '2019-01-13 11:49:08'),
(174, 18, 'Prof. Elva Wisoky PhD', 'Quo porro esse ea aliquid nisi tenetur. Sint tempora in perspiciatis ut esse. Quaerat eveniet eum harum sit laudantium accusantium.', 3, '2019-01-13 11:49:08', '2019-01-13 11:49:08'),
(175, 79, 'Norris Carroll', 'Magnam reprehenderit ea harum voluptate ab ipsam sit est. Odio et quia ipsum quas ea aut reiciendis.', 3, '2019-01-13 11:49:08', '2019-01-13 11:49:08'),
(176, 87, 'Prof. Kenyon Purdy', 'A voluptates at quas distinctio. Nisi sapiente rem facere cumque. Et soluta ut exercitationem nulla sunt natus aut.', 5, '2019-01-13 11:49:08', '2019-01-13 11:49:08'),
(177, 96, 'Dr. Alda Corwin', 'Nulla vel voluptatem saepe ut. Minus ut nostrum asperiores consequatur. Optio aspernatur tempore harum voluptatem ea. Praesentium error optio omnis quod rerum velit qui.', 3, '2019-01-13 11:49:08', '2019-01-13 11:49:08'),
(178, 7, 'Chandler Klein', 'Ea voluptas fuga adipisci eos ut fuga. Eligendi voluptas sit hic accusamus sequi numquam.', 1, '2019-01-13 11:49:08', '2019-01-13 11:49:08'),
(179, 98, 'Mr. Herbert Maggio', 'Consequatur corrupti sit eveniet qui quisquam et tempora. Et molestiae et nihil dolorem et occaecati. A ea soluta alias reiciendis.', 1, '2019-01-13 11:49:08', '2019-01-13 11:49:08'),
(180, 8, 'Erin Dare IV', 'Aut placeat non maiores est molestias quam. Ab dolores earum fugiat deleniti dolor qui labore.', 1, '2019-01-13 11:49:08', '2019-01-13 11:49:08'),
(181, 31, 'Libby Rowe', 'Magni illo recusandae nihil officia. Non sed non aut numquam rerum ab ex. Necessitatibus consequuntur doloremque sed placeat voluptas voluptatum illo. Possimus quia velit dolorum et.', 2, '2019-01-13 11:49:08', '2019-01-13 11:49:08'),
(182, 56, 'Prof. Monte Zieme I', 'Numquam voluptatum commodi fugit nihil laboriosam nemo. Qui dolorem soluta ducimus beatae. Asperiores blanditiis necessitatibus impedit neque mollitia et aspernatur. Ad magni dicta qui voluptatem reprehenderit.', 5, '2019-01-13 11:49:08', '2019-01-13 11:49:08'),
(183, 97, 'Mr. Anastacio Bayer V', 'Tempore corrupti voluptate dolores animi. Hic et rem eligendi tenetur qui non fugiat. Ratione possimus molestias animi sed magni incidunt. Quasi ut deleniti beatae blanditiis ut sit. Nostrum sit rerum accusantium accusantium consequatur.', 1, '2019-01-13 11:49:08', '2019-01-13 11:49:08'),
(184, 28, 'Hortense Murphy', 'Rerum quia perferendis sed maxime non numquam et. Natus alias delectus in molestiae unde id quia. Cumque sequi expedita autem ea ab et.', 5, '2019-01-13 11:49:08', '2019-01-13 11:49:08'),
(185, 44, 'Sasha Klein', 'Nihil eum quia debitis beatae omnis. Ut eveniet eveniet voluptate rerum minus assumenda voluptatem aspernatur.', 0, '2019-01-13 11:49:08', '2019-01-13 11:49:08'),
(186, 23, 'Katheryn Schiller', 'Quibusdam consequuntur doloremque illo facilis nemo dignissimos in. Quaerat deleniti ut expedita quia et vero. Minus nemo qui et sed. Ratione et sed excepturi quo et dicta. Facilis sapiente minima modi quia ut dolores autem placeat.', 2, '2019-01-13 11:49:08', '2019-01-13 11:49:08'),
(187, 99, 'Oleta Brekke III', 'Delectus ab omnis dolores occaecati tempora. Vero sequi est veritatis neque qui. Nihil quidem est odit cum accusantium. Id molestiae laborum quia.', 1, '2019-01-13 11:49:08', '2019-01-13 11:49:08'),
(188, 24, 'Alf Schiller', 'Doloremque et et et. Quam vel culpa minus labore error amet ratione. Voluptatem sunt est iste tempora illum. Non perspiciatis ipsa consectetur facilis aut natus sint.', 4, '2019-01-13 11:49:08', '2019-01-13 11:49:08'),
(189, 6, 'Mr. Wilburn Kunze', 'Qui aut mollitia id quos. Rerum quae architecto est libero odio. Cupiditate at dolor distinctio sit voluptatem. Ut soluta maiores temporibus quisquam rerum eveniet.', 1, '2019-01-13 11:49:08', '2019-01-13 11:49:08'),
(190, 75, 'Damion Padberg', 'Deleniti necessitatibus maiores minus dolores tempora dolore. Repellendus magnam nemo ut autem perferendis optio. Quia sed totam delectus voluptas nihil dolores harum voluptatum. Ratione qui autem facilis architecto.', 2, '2019-01-13 11:49:08', '2019-01-13 11:49:08'),
(191, 77, 'Odie Oberbrunner', 'Exercitationem ut ducimus nisi tempore. Sint exercitationem rerum nam veritatis quia sunt. Sit quo autem dolorum.', 0, '2019-01-13 11:49:08', '2019-01-13 11:49:08'),
(192, 66, 'Maye Predovic', 'Sed ipsa laboriosam eius. Deserunt aut minus dignissimos fugiat ab. Natus sapiente asperiores aut saepe dolores. Accusantium vitae aut accusantium molestiae hic ad.', 5, '2019-01-13 11:49:09', '2019-01-13 11:49:09'),
(193, 48, 'Mr. Julian Flatley', 'Dolorum magni inventore non consequatur sunt est. Eos explicabo fuga soluta sint velit. Distinctio reprehenderit accusantium quos et nisi aperiam architecto exercitationem. Quos repudiandae et perspiciatis illum porro ut.', 5, '2019-01-13 11:49:09', '2019-01-13 11:49:09'),
(194, 90, 'Dean Kshlerin', 'Laboriosam corrupti non sed voluptas amet quas ut. Numquam et laboriosam autem est nulla voluptatem. In soluta atque nulla sed pariatur consectetur et. Saepe consectetur et quibusdam iste.', 0, '2019-01-13 11:49:09', '2019-01-13 11:49:09'),
(195, 44, 'Johnnie Hauck', 'Voluptates similique ut nesciunt dolores voluptate quo quisquam ducimus. Maiores iure ut ut. Asperiores deleniti non saepe in qui.', 3, '2019-01-13 11:49:09', '2019-01-13 11:49:09'),
(196, 63, 'Prof. Connor Bahringer IV', 'Ut unde reiciendis est aut autem consequuntur modi. Deleniti magnam sequi iusto esse at sed. Quia omnis cum ut aut. Quisquam animi delectus numquam labore voluptate facilis.', 2, '2019-01-13 11:49:09', '2019-01-13 11:49:09'),
(197, 25, 'Miss Ova Rutherford V', 'Deserunt placeat qui autem quibusdam mollitia. Omnis ut officiis fuga. Ut amet temporibus omnis voluptatem.', 2, '2019-01-13 11:49:09', '2019-01-13 11:49:09'),
(198, 67, 'Carissa Runte', 'Iste consequuntur facere qui. Minus repudiandae aliquid voluptatem ab alias. Suscipit eum aut porro quos.', 2, '2019-01-13 11:49:09', '2019-01-13 11:49:09'),
(199, 23, 'Sabina Pfannerstill', 'Mollitia nesciunt aut molestiae maxime. Necessitatibus doloribus sit optio. Et dolorem sunt repellat dolorem rerum.', 2, '2019-01-13 11:49:09', '2019-01-13 11:49:09'),
(200, 40, 'Lila Jones', 'Corrupti deleniti temporibus ipsum praesentium dolorem accusamus. Nam deserunt dolor suscipit soluta veniam tenetur nobis. Et dolor est laborum vel voluptatem itaque dolores. Et nulla harum aut cumque.', 0, '2019-01-13 11:49:09', '2019-01-13 11:49:09'),
(201, 91, 'Blake O\'Reilly', 'Iure praesentium fuga et omnis ea sunt eaque vitae. Itaque sequi sint consequatur harum. Sit illum omnis quo quaerat recusandae corporis officia.', 1, '2019-01-13 11:49:09', '2019-01-13 11:49:09'),
(202, 82, 'Clyde Gutmann V', 'Sed cupiditate dolor et neque repellat quo. Nihil tempora explicabo qui dolores numquam nobis. Neque doloremque eius inventore repudiandae qui eaque laboriosam.', 0, '2019-01-13 11:49:09', '2019-01-13 11:49:09'),
(203, 79, 'Rylan Farrell', 'Omnis ut autem enim. Blanditiis quas fugit cumque. Dolores impedit at et maxime pariatur. Assumenda dolor sit ut molestiae aut est consequuntur.', 1, '2019-01-13 11:49:09', '2019-01-13 11:49:09'),
(204, 35, 'Bailey Baumbach', 'Vitae autem nobis libero praesentium quas. Et illum pariatur et nemo voluptas fugit occaecati. Ullam temporibus tempore iste quam ad molestiae. Qui velit voluptatibus quod quia.', 1, '2019-01-13 11:49:09', '2019-01-13 11:49:09'),
(205, 35, 'Prof. Casimir Wiza Jr.', 'Sed sit officiis nam totam et nulla voluptatem reiciendis. Omnis nesciunt voluptatum adipisci temporibus earum quas. Ut sed voluptatem doloremque sunt voluptatibus eos. Ullam repellendus non illum nemo ipsam. Eius consequatur in inventore voluptas eaque sint.', 0, '2019-01-13 11:49:09', '2019-01-13 11:49:09'),
(206, 57, 'Maurine Bruen DDS', 'Amet temporibus sed vel delectus neque sequi impedit. Fugit dolores perspiciatis dolorem qui rem. Aut delectus rerum rerum corporis optio ut.', 2, '2019-01-13 11:49:09', '2019-01-13 11:49:09'),
(207, 20, 'Elmer Reinger MD', 'Illum accusamus a quos amet. Eos fuga consequuntur quia. Et corporis voluptatem fugiat fugit quae qui dignissimos. Esse ducimus quam quae.', 0, '2019-01-13 11:49:09', '2019-01-13 11:49:09'),
(208, 64, 'Nora Herman', 'Corporis rerum esse qui commodi. Voluptates adipisci in voluptas praesentium ea. Ut ea velit dolor dolore cumque.', 3, '2019-01-13 11:49:09', '2019-01-13 11:49:09'),
(209, 90, 'Dora Hauck IV', 'Illo laboriosam maiores error aut. Illum hic neque libero est facere. Vel suscipit velit voluptas odio occaecati. Est vel accusantium id ut quos et.', 4, '2019-01-13 11:49:09', '2019-01-13 11:49:09'),
(210, 15, 'Jorge Wehner', 'Voluptates tempora perferendis ab adipisci odit ut nesciunt. Provident molestiae et sed nesciunt qui esse vero. Sequi enim modi optio rem dolore nihil vel. Ut cupiditate molestiae sit corporis. Atque asperiores magnam voluptatem.', 1, '2019-01-13 11:49:10', '2019-01-13 11:49:10'),
(211, 61, 'Carmela Effertz', 'Maxime commodi illo minima quis. Eaque quae magni voluptatibus tempore fuga. Natus ut quasi quis quia alias ipsa.', 5, '2019-01-13 11:49:10', '2019-01-13 11:49:10');
INSERT INTO `reviews` (`id`, `product_id`, `custumer`, `review`, `star`, `created_at`, `updated_at`) VALUES
(212, 100, 'Vicenta Spinka', 'Sit fuga iste quasi voluptas et tempora. Eaque eos cum voluptatem ab sint. Ipsum dolores alias vero quia dolores excepturi et. Consequuntur ipsam optio ut quia delectus.', 2, '2019-01-13 11:49:10', '2019-01-13 11:49:10'),
(213, 75, 'Ms. Alba Huels PhD', 'Quia quis id laboriosam qui cum dolor dolorem. Delectus officiis et ex rem maxime molestias quis. Exercitationem facilis numquam nulla blanditiis necessitatibus rem reiciendis sint. Dolores sed in aliquid est soluta non vero.', 5, '2019-01-13 11:49:10', '2019-01-13 11:49:10'),
(214, 53, 'Carlee Champlin MD', 'Expedita quo modi quod illum exercitationem et sit. Fuga praesentium libero cupiditate in. Odit repellat iste quo asperiores amet accusamus qui.', 0, '2019-01-13 11:49:10', '2019-01-13 11:49:10'),
(215, 3, 'Katarina Morar II', 'Autem officia id aliquid culpa ipsum placeat expedita. Dolores necessitatibus alias pariatur autem adipisci ratione. Totam voluptas excepturi occaecati natus sunt. Dolore provident est quaerat ex est qui facilis.', 2, '2019-01-13 11:49:10', '2019-01-13 11:49:10'),
(216, 85, 'Ms. Albina Heller', 'Dolor sit culpa aut voluptas sit officiis omnis. Libero voluptas accusantium impedit voluptatem id. Non quis dolor officiis praesentium fuga.', 0, '2019-01-13 11:49:10', '2019-01-13 11:49:10'),
(217, 83, 'Dr. Guillermo Hagenes V', 'Voluptatem sit tempora rem dolores. Ut possimus enim omnis ut perspiciatis voluptatem est aut. Sequi numquam tempora rerum. Quam autem sapiente ducimus.', 0, '2019-01-13 11:49:10', '2019-01-13 11:49:10'),
(218, 54, 'Annabel Keebler', 'Commodi quo quia facere nulla odio voluptate laborum suscipit. Ullam dolores eos magni. Hic consequatur reiciendis soluta earum fugit temporibus. Magni laboriosam in natus atque facilis. Et quaerat velit qui voluptas hic consequatur velit.', 3, '2019-01-13 11:49:10', '2019-01-13 11:49:10'),
(219, 1, 'Mr. Eugene Bogan PhD', 'Quod ea reprehenderit error in. Molestiae non hic animi dicta nulla impedit ut et. Et facilis omnis molestiae voluptatem.', 2, '2019-01-13 11:49:10', '2019-01-13 11:49:10'),
(220, 18, 'Alysha Pfeffer', 'Sit accusantium vitae quo consequatur tenetur et. Inventore modi expedita odit ut est quaerat. Soluta aut et rerum excepturi id. Quod et nisi atque maxime ea sunt.', 0, '2019-01-13 11:49:10', '2019-01-13 11:49:10'),
(221, 36, 'Ms. Elenora Cassin III', 'Laboriosam a repudiandae placeat voluptas officia voluptas voluptate. Qui consequatur aspernatur optio dolores nemo iure. Ipsam quasi repudiandae vitae ut voluptas nostrum. Nobis molestias commodi quisquam quidem quo ea placeat.', 0, '2019-01-13 11:49:10', '2019-01-13 11:49:10'),
(222, 33, 'Weston Bauch', 'Qui nihil natus eaque aperiam non aut. Quasi blanditiis a quibusdam sed quas. Consequuntur tempore et recusandae voluptatibus enim.', 0, '2019-01-13 11:49:10', '2019-01-13 11:49:10'),
(223, 29, 'Mr. Noah Lesch', 'Eaque atque quia quis quis quas sunt rerum. Amet commodi praesentium dolor laboriosam sed vitae. Natus qui quod quod praesentium explicabo ut dicta.', 5, '2019-01-13 11:49:10', '2019-01-13 11:49:10'),
(224, 28, 'Dennis Boehm', 'Aut saepe facilis vel maxime aspernatur. Harum aut doloremque quam est explicabo. Sed in quibusdam sit non illum esse exercitationem. Molestiae ullam ipsam tempore et in molestiae.', 0, '2019-01-13 11:49:10', '2019-01-13 11:49:10'),
(225, 7, 'Marisa Heaney', 'Est a quos eos dignissimos. Modi velit at voluptatem soluta cupiditate sed aut. Amet repudiandae soluta consequatur consequatur labore. Saepe ut reiciendis accusantium. Ex possimus aliquam ducimus sit reprehenderit ipsum doloremque.', 1, '2019-01-13 11:49:10', '2019-01-13 11:49:10'),
(226, 97, 'Jessica Stark', 'Error voluptas qui est eum et quia. Voluptas repellendus ut et nihil temporibus asperiores. Sint suscipit vel molestias officiis odit voluptate illum. Harum maxime laudantium unde adipisci.', 5, '2019-01-13 11:49:11', '2019-01-13 11:49:11'),
(227, 67, 'Madonna Rodriguez', 'Voluptate perferendis voluptatibus rerum totam non. Molestias et amet cumque est est aliquid.', 1, '2019-01-13 11:49:11', '2019-01-13 11:49:11'),
(228, 92, 'Dillon Thiel Sr.', 'Nesciunt voluptatem in reiciendis. Nostrum doloremque et minus consequuntur ratione aut. Tempore eveniet nisi praesentium eum. Ab quia tenetur enim est nam facere.', 5, '2019-01-13 11:49:11', '2019-01-13 11:49:11'),
(229, 84, 'Korey Hill', 'Quaerat nostrum dolorem similique. Error autem qui non eius. Eum voluptate ipsam voluptatibus voluptas tempora ut. Et commodi aut ea.', 5, '2019-01-13 11:49:11', '2019-01-13 11:49:11'),
(230, 67, 'Marian Aufderhar', 'Quo laudantium ipsam repellat. Impedit quia esse dolor vitae fuga iste autem. Facilis dolore aperiam magni.', 3, '2019-01-13 11:49:11', '2019-01-13 11:49:11'),
(231, 61, 'Gertrude Casper', 'Voluptatem corporis nulla eligendi quis et explicabo ut assumenda. Dolorem et voluptas aspernatur enim eligendi. Voluptate inventore eaque id et eos.', 4, '2019-01-13 11:49:11', '2019-01-13 11:49:11'),
(232, 71, 'Jaylin Gerhold', 'Ipsa repellat ut consequatur ea sed sed qui. Ut ut nihil quae. Exercitationem corporis magnam autem ab optio qui nobis. Molestias aspernatur laboriosam ut officiis sunt ut tempore.', 2, '2019-01-13 11:49:11', '2019-01-13 11:49:11'),
(233, 91, 'Dr. Berry O\'Kon', 'Libero et facere architecto quo. Sit qui eum et excepturi. Culpa tempore dignissimos vel eius perspiciatis atque. Deleniti odit quidem ex blanditiis.', 0, '2019-01-13 11:49:11', '2019-01-13 11:49:11'),
(234, 95, 'Rosa Bechtelar', 'Laborum earum fugit commodi in reprehenderit assumenda. Ut dolorem et porro fugiat quia in ex. Sapiente et qui doloremque soluta.', 5, '2019-01-13 11:49:11', '2019-01-13 11:49:11'),
(235, 42, 'Prof. Freddy Willms Jr.', 'Aut a rerum distinctio voluptatem esse sit. Quo qui architecto qui nobis. Aut iusto atque quo omnis voluptatem sint quia.', 0, '2019-01-13 11:49:11', '2019-01-13 11:49:11'),
(236, 44, 'Camila Kunde', 'Ut est culpa praesentium. Rerum cupiditate commodi eaque magni qui neque. Libero suscipit nihil officiis exercitationem nemo sint optio. Quasi reiciendis expedita eum.', 4, '2019-01-13 11:49:11', '2019-01-13 11:49:11'),
(237, 5, 'Gina Roob', 'Est possimus harum earum rerum repellendus doloremque et voluptas. In accusantium commodi a doloremque ratione. Cupiditate est magnam similique beatae natus minima.', 4, '2019-01-13 11:49:11', '2019-01-13 11:49:11'),
(238, 63, 'Sage Marvin', 'Ad illum amet laboriosam modi ea omnis. Eligendi eos et natus magni unde consequatur repellat pariatur. Excepturi non eligendi perspiciatis velit sapiente eveniet officiis. Dolorem amet suscipit sint est modi nesciunt. Ipsum modi et debitis omnis architecto suscipit assumenda.', 4, '2019-01-13 11:49:11', '2019-01-13 11:49:11'),
(239, 19, 'Hal Haag', 'Aut accusantium qui porro blanditiis ab sed. Qui voluptas repudiandae consectetur ad non.', 5, '2019-01-13 11:49:11', '2019-01-13 11:49:11'),
(240, 70, 'Concepcion Mraz V', 'Quisquam dolores occaecati ipsum omnis. Porro aut placeat non quasi. Eveniet id asperiores reprehenderit ipsam. Ad nostrum ut aliquid.', 4, '2019-01-13 11:49:11', '2019-01-13 11:49:11'),
(241, 75, 'Jefferey Kuhic', 'Ea in velit id occaecati voluptas et. Repudiandae dolor velit minus asperiores. Eligendi dolores et aut rerum eveniet perferendis.', 3, '2019-01-13 11:49:11', '2019-01-13 11:49:11'),
(242, 99, 'Ned Lesch', 'Ad quaerat possimus architecto numquam nemo impedit. Quam beatae temporibus beatae quia et rerum. Soluta eos voluptas quas fugiat.', 3, '2019-01-13 11:49:11', '2019-01-13 11:49:11'),
(243, 23, 'Mr. General Lehner DVM', 'Et neque consequatur atque officiis et blanditiis quis. Et porro ea consequatur quae dicta. Provident distinctio porro rerum. Perferendis hic corporis dicta praesentium nihil laudantium.', 2, '2019-01-13 11:49:11', '2019-01-13 11:49:11'),
(244, 22, 'Erik Funk', 'In ducimus officia voluptas et nihil. Repudiandae mollitia est laborum labore. Qui et nemo fuga fuga cupiditate rerum. Consequatur praesentium ab ad porro quia.', 3, '2019-01-13 11:49:11', '2019-01-13 11:49:11'),
(245, 98, 'Morgan Russel', 'Fugit tenetur similique minima omnis. Repudiandae est veniam iure. Fugiat ipsum sit impedit illum. Veniam consequatur officia quibusdam sint id consectetur sit.', 2, '2019-01-13 11:49:11', '2019-01-13 11:49:11'),
(246, 1, 'Darrin Trantow', 'Est dicta id qui rerum corrupti dolorem. Atque vitae veniam dolores nihil aliquam est omnis explicabo. Et magni nostrum quis soluta dignissimos dolorem.', 1, '2019-01-13 11:49:11', '2019-01-13 11:49:11'),
(247, 97, 'Aurelie Cassin', 'Asperiores corporis sunt ad impedit enim. Hic maxime consectetur dolore nihil.', 5, '2019-01-13 11:49:11', '2019-01-13 11:49:11'),
(248, 27, 'Russel Rath', 'Id doloremque rerum est omnis rerum. Reiciendis minus tempora vel mollitia voluptatibus quo eligendi. Praesentium voluptate vel excepturi.', 2, '2019-01-13 11:49:12', '2019-01-13 11:49:12'),
(249, 82, 'Miss Ruthie Schamberger', 'Est necessitatibus labore ullam amet iusto atque. Non incidunt dolor voluptatem iusto qui eveniet. Et itaque deleniti deserunt rerum alias dolore labore omnis.', 5, '2019-01-13 11:49:12', '2019-01-13 11:49:12'),
(250, 50, 'Dr. Stephon Walker', 'Itaque earum sed tempora exercitationem maiores corrupti adipisci. Quia praesentium inventore voluptatem commodi consequatur cupiditate. Nulla dicta voluptas est quo.', 1, '2019-01-13 11:49:12', '2019-01-13 11:49:12'),
(251, 27, 'Mrs. Duane Frami', 'Architecto corrupti ab eum earum veniam beatae et dolorem. Et rerum sint et aut deserunt. Laudantium suscipit voluptas voluptatem nam quasi dolore nostrum ipsa. Ut reprehenderit ullam dignissimos eveniet numquam aspernatur.', 4, '2019-01-13 11:49:12', '2019-01-13 11:49:12'),
(252, 53, 'Miss Thalia Reichel', 'Laborum dolores ut ut omnis libero nam repellat. Unde et maiores qui id quibusdam dignissimos. Optio iste ullam officia et facilis quis.', 4, '2019-01-13 11:49:12', '2019-01-13 11:49:12'),
(253, 62, 'Dr. Arianna Deckow I', 'Suscipit unde quia in asperiores illum alias. Quam laudantium culpa iste. Repellat similique beatae consequatur dolorem reiciendis recusandae eum.', 3, '2019-01-13 11:49:12', '2019-01-13 11:49:12'),
(254, 42, 'Sallie Shanahan', 'Sunt et consequatur temporibus. Eaque ratione commodi ut vel quia est. Autem vel perferendis et quod qui perspiciatis. Iusto dolorum ab aut omnis tenetur consequatur in. Iste labore qui illo ut.', 1, '2019-01-13 11:49:12', '2019-01-13 11:49:12'),
(255, 96, 'Dora Moore', 'Harum aut ipsum ipsam itaque et aliquid laborum. Nobis maxime maxime quas natus. Cum molestias sint impedit debitis qui. Impedit ut enim repellendus sapiente nihil. Et sint voluptatem odit deserunt vel aut aut et.', 0, '2019-01-13 11:49:12', '2019-01-13 11:49:12'),
(256, 26, 'Mr. Connor Swift', 'Iure repudiandae quas molestiae cupiditate quia molestiae. Tenetur sunt nisi quam molestiae ducimus quis ratione.', 5, '2019-01-13 11:49:12', '2019-01-13 11:49:12'),
(257, 58, 'Elinor DuBuque', 'Omnis omnis amet officia modi ducimus. Et voluptate assumenda tempora qui consequuntur. Consequatur odit sit molestias officia aut occaecati. Incidunt iure doloribus molestias reiciendis architecto voluptate exercitationem. Qui accusamus in saepe dicta ut cumque optio.', 1, '2019-01-13 11:49:12', '2019-01-13 11:49:12'),
(258, 82, 'Princess Heaney', 'Et a dolores quia saepe. Consequatur dolores voluptatem ad vero ut. Nobis quaerat cupiditate beatae suscipit culpa dolorem recusandae.', 2, '2019-01-13 11:49:12', '2019-01-13 11:49:12'),
(259, 12, 'Brendon Medhurst Sr.', 'Id aut saepe dignissimos doloremque dolores sit. Voluptatibus est omnis sunt itaque dolor neque. Est qui officia deserunt ut placeat velit. Corporis earum amet error vel.', 5, '2019-01-13 11:49:12', '2019-01-13 11:49:12'),
(260, 39, 'Ramiro Bergstrom III', 'Nam minus consectetur voluptas veniam. Recusandae in ipsam consequatur minima sed omnis. Fugiat voluptatem cumque mollitia modi aut facere blanditiis. Provident omnis officia eos sunt cupiditate. Sed aliquid quis odio ab.', 3, '2019-01-13 11:49:12', '2019-01-13 11:49:12'),
(261, 96, 'Mackenzie Smith', 'Nihil voluptas et veniam autem explicabo voluptatem. Optio assumenda autem qui expedita impedit. Doloribus laboriosam molestiae provident at neque. Et unde autem repellendus eos.', 5, '2019-01-13 11:49:12', '2019-01-13 11:49:12'),
(262, 27, 'Maye Witting', 'Repellendus et aut modi dolores nostrum cum. Quidem ipsam dolorum ipsa dolor ea omnis. Impedit quae beatae qui.', 0, '2019-01-13 11:49:12', '2019-01-13 11:49:12'),
(263, 57, 'London Reichel', 'Impedit deleniti velit nisi ut eveniet eligendi quos. Est accusamus reprehenderit est laboriosam culpa dignissimos. Labore voluptate consequatur magni voluptates eos. Ut at optio aut nesciunt aliquam.', 5, '2019-01-13 11:49:12', '2019-01-13 11:49:12'),
(264, 3, 'Jameson Grant II', 'Dolorum sed accusamus et deserunt. Adipisci enim vitae maiores dolor blanditiis. Officiis officiis ut voluptatem quod fugit. Explicabo doloribus et non in impedit eius.', 5, '2019-01-13 11:49:12', '2019-01-13 11:49:12'),
(265, 53, 'Katelynn Christiansen', 'Repudiandae ad illum consequatur vel. Qui ipsum in quo assumenda.', 4, '2019-01-13 11:49:13', '2019-01-13 11:49:13'),
(266, 3, 'Nikolas Dooley', 'Vel officiis quae laboriosam unde. Molestiae itaque eos recusandae itaque officia. Accusantium et molestiae earum velit.', 4, '2019-01-13 11:49:13', '2019-01-13 11:49:13'),
(267, 74, 'Prof. Cody Goldner', 'Possimus vitae earum voluptatem expedita voluptatum dolorum beatae. Commodi nesciunt adipisci nulla dolores et dicta ducimus. Sint enim optio et facere velit. Sit voluptates magni iusto quod voluptatibus accusantium laborum. Adipisci laborum facilis commodi ut ducimus.', 0, '2019-01-13 11:49:13', '2019-01-13 11:49:13'),
(268, 22, 'Toni Howell', 'Ut alias qui a magnam et aut illum. Asperiores quasi ducimus assumenda ut possimus debitis excepturi. Et animi impedit dolores. Officia non autem reprehenderit nulla nisi ut ex.', 0, '2019-01-13 11:49:13', '2019-01-13 11:49:13'),
(269, 30, 'Hanna Jones', 'Sit provident sapiente deserunt doloribus et vitae placeat. Et ullam iure ut id quisquam eius unde odit. Nihil dolores reiciendis molestiae amet. Amet aut debitis aut et.', 4, '2019-01-13 11:49:13', '2019-01-13 11:49:13'),
(270, 75, 'Mrs. Vivianne Kozey MD', 'Reprehenderit sequi aut voluptatem. Quia quo commodi ut itaque impedit aut accusantium.', 0, '2019-01-13 11:49:13', '2019-01-13 11:49:13'),
(271, 100, 'Kyler Gutkowski II', 'Qui quod sed ut. Dolores fuga et rerum delectus enim unde. Provident et beatae quas. Voluptatum non cumque qui excepturi.', 0, '2019-01-13 11:49:13', '2019-01-13 11:49:13'),
(272, 68, 'Dr. Ken Bernier Jr.', 'Voluptas sequi rem non qui tenetur et. Dolor exercitationem repellendus illo quas aliquid provident sequi.', 4, '2019-01-13 11:49:13', '2019-01-13 11:49:13'),
(273, 7, 'Garry Schulist', 'Incidunt ut et tenetur est repellendus enim repellendus earum. Atque et ratione accusantium alias. Dolor et accusantium aliquid.', 1, '2019-01-13 11:49:13', '2019-01-13 11:49:13'),
(274, 7, 'Khalil Denesik', 'Distinctio reprehenderit aspernatur sunt vitae alias ut. Adipisci corrupti iste ex expedita occaecati a. Dolorem eligendi suscipit dolorem dolores qui reprehenderit voluptates. Ipsa beatae temporibus omnis architecto.', 5, '2019-01-13 11:49:13', '2019-01-13 11:49:13'),
(275, 28, 'Prof. Jacinthe Larson', 'Eveniet sit vero sed reprehenderit. Nihil adipisci magni quo nemo aut mollitia. Iure perferendis et quia eius eaque alias. Molestiae labore minus voluptatibus doloremque.', 5, '2019-01-13 11:49:13', '2019-01-13 11:49:13'),
(276, 6, 'Rusty Sawayn', 'Dignissimos cumque voluptatibus aut id neque. Sit eligendi sunt delectus aliquam sed itaque perferendis. Repellat non quod ab dolores sed.', 3, '2019-01-13 11:49:13', '2019-01-13 11:49:13'),
(277, 84, 'Haskell McLaughlin', 'Magni explicabo veritatis sit neque et. Libero aut eum aspernatur enim placeat amet. Ab tempora placeat enim aut omnis.', 2, '2019-01-13 11:49:13', '2019-01-13 11:49:13'),
(278, 67, 'Jessica Stark', 'Quo quo molestiae magnam quae dolorum incidunt quos. Expedita asperiores tempore consequatur omnis corporis facilis quod est. Maiores ex molestias distinctio natus voluptate laboriosam dolores omnis. Et nam est dolores ut aut non reiciendis.', 4, '2019-01-13 11:49:13', '2019-01-13 11:49:13'),
(279, 63, 'Prof. Arnulfo Wiza IV', 'Dolores et sit aliquam quia eos. Aut illo eveniet quis dolorum non rerum aut. Quidem debitis earum debitis repellendus voluptatem et et. Magnam facere veritatis ea quia.', 1, '2019-01-13 11:49:13', '2019-01-13 11:49:13'),
(280, 85, 'Daphney Ebert', 'Dolor officiis quo in numquam exercitationem sit. Ut molestiae tempore ut adipisci. Ipsum consequuntur porro excepturi qui architecto rem. Qui deleniti odio reiciendis non delectus.', 1, '2019-01-13 11:49:13', '2019-01-13 11:49:13'),
(281, 78, 'Mr. Trenton Oberbrunner V', 'Est doloremque a est consequuntur facilis ipsam. Vel magni provident dolor mollitia maiores laboriosam aut consequatur. Repellendus minus consectetur et aut. Ducimus iure qui fuga tempora dolor quis autem.', 3, '2019-01-13 11:49:13', '2019-01-13 11:49:13'),
(282, 90, 'Agnes Lowe', 'At non fugit quia atque facere nobis. Et modi nulla quae. Et ut voluptatem expedita voluptatem voluptatibus ut. Dolorem ipsa impedit sequi dolorem maxime.', 3, '2019-01-13 11:49:13', '2019-01-13 11:49:13'),
(283, 92, 'Ethan Rowe', 'Et aut qui voluptatibus non. Saepe tempora odit reiciendis aut provident rerum blanditiis. Velit sed consequatur voluptatum.', 5, '2019-01-13 11:49:13', '2019-01-13 11:49:13'),
(284, 51, 'Brent Mueller', 'Unde voluptate ducimus suscipit dolorum. Sint est earum suscipit iusto eos. Est omnis ducimus exercitationem quis autem neque rerum. Temporibus est pariatur quo mollitia.', 0, '2019-01-13 11:49:13', '2019-01-13 11:49:13'),
(285, 42, 'Dorothea Romaguera', 'Veniam qui ut qui nihil. Ut illo nihil voluptas temporibus voluptates asperiores. Ut ea ad velit odio enim dolorem cumque veritatis. Asperiores alias est ipsa mollitia sint delectus rerum pariatur.', 4, '2019-01-13 11:49:13', '2019-01-13 11:49:13'),
(286, 7, 'Santina Muller', 'Esse consequatur voluptatem voluptatum aspernatur beatae blanditiis ratione. Libero et perferendis laboriosam qui illum in cumque.', 1, '2019-01-13 11:49:14', '2019-01-13 11:49:14'),
(287, 68, 'Roma Pfeffer', 'Consequatur iste enim perspiciatis odio. In libero quae unde natus pariatur. Et adipisci et sint dolores praesentium.', 1, '2019-01-13 11:49:14', '2019-01-13 11:49:14'),
(288, 19, 'Mr. Albin Kozey', 'Expedita ut vitae maiores corrupti vero maxime. Eum voluptatem magnam quod corporis exercitationem fugiat maxime. Occaecati minima incidunt officiis nemo cum odio natus.', 3, '2019-01-13 11:49:14', '2019-01-13 11:49:14'),
(289, 7, 'Jace Wiza', 'Voluptate commodi qui voluptatem voluptate iure ratione expedita expedita. Repellendus rem non non repellendus optio a ea. Suscipit magni beatae similique voluptas aliquid porro.', 5, '2019-01-13 11:49:14', '2019-01-13 11:49:14'),
(290, 51, 'Bertram Jacobs', 'Qui pariatur eius nesciunt qui. Distinctio delectus placeat nesciunt temporibus doloremque quia voluptatem. Quos sequi architecto facere.', 3, '2019-01-13 11:49:14', '2019-01-13 11:49:14'),
(291, 33, 'Reymundo Daugherty', 'Sit soluta deleniti pariatur quis aut iusto. Blanditiis totam omnis quia deleniti molestiae magni adipisci. Totam vero minus ducimus suscipit numquam.', 2, '2019-01-13 11:49:14', '2019-01-13 11:49:14'),
(292, 24, 'Dr. Trace Dickinson', 'Nulla sunt quis sapiente et tempore. Eius iure perferendis doloremque iste facere. Nulla dolor eligendi culpa et aliquid omnis aspernatur.', 1, '2019-01-13 11:49:14', '2019-01-13 11:49:14'),
(293, 52, 'Uriel Stiedemann', 'Et rerum reprehenderit omnis ut optio qui rerum. Assumenda cumque alias nihil excepturi. Dignissimos ab est quia recusandae. Voluptas repudiandae facere ut magnam.', 1, '2019-01-13 11:49:14', '2019-01-13 11:49:14'),
(294, 83, 'Idell Kilback', 'Quia illo voluptatum reprehenderit est. Accusantium assumenda veniam ab doloribus et natus. Nihil qui ipsam possimus inventore commodi harum temporibus.', 5, '2019-01-13 11:49:14', '2019-01-13 11:49:14'),
(295, 10, 'Angela Nikolaus', 'Nostrum eos ea ipsum ut provident consequuntur fugiat laboriosam. Unde placeat sint quia et in odio. Quaerat dolores totam minima commodi. Sint nihil necessitatibus adipisci consectetur repudiandae.', 1, '2019-01-13 11:49:14', '2019-01-13 11:49:14'),
(296, 14, 'Dr. Magali Jacobs V', 'Et est quos modi. Quod aut accusantium esse. Atque natus facere deleniti et officia est. Fugit sed voluptatibus voluptas ducimus velit ducimus deleniti.', 3, '2019-01-13 11:49:14', '2019-01-13 11:49:14'),
(297, 95, 'Nasir Wiegand', 'Rerum quia hic error perferendis. Accusamus non est dolor aliquid dolores occaecati. Minima itaque qui tempore vel.', 4, '2019-01-13 11:49:14', '2019-01-13 11:49:14'),
(298, 19, 'Mrs. Elouise Bradtke', 'Similique nesciunt consequatur expedita aut ad nostrum. Unde aut voluptas voluptas enim illo nobis. Ea illo voluptas omnis odit. Aspernatur voluptatem illum et suscipit. Sed quia nihil quod qui.', 0, '2019-01-13 11:49:14', '2019-01-13 11:49:14'),
(299, 3, 'Prof. Daren Altenwerth DDS', 'Nesciunt pariatur eos ipsum molestiae a. Blanditiis repellendus a quo quaerat. Blanditiis quo earum mollitia et quia ex.', 5, '2019-01-13 11:49:14', '2019-01-13 11:49:14'),
(300, 66, 'Prof. Jamil Donnelly IV', 'Et perferendis facere quos non dolor adipisci earum quis. Labore molestias sit adipisci eaque similique.', 1, '2019-01-13 11:49:14', '2019-01-13 11:49:14');

-- --------------------------------------------------------

--
-- Table structure for table `users`
--

CREATE TABLE `users` (
  `id` int(10) UNSIGNED NOT NULL,
  `name` varchar(255) COLLATE utf8mb4_unicode_ci NOT NULL,
  `email` varchar(255) COLLATE utf8mb4_unicode_ci NOT NULL,
  `email_verified_at` timestamp NULL DEFAULT NULL,
  `password` varchar(255) COLLATE utf8mb4_unicode_ci NOT NULL,
  `remember_token` varchar(100) COLLATE utf8mb4_unicode_ci DEFAULT NULL,
  `created_at` timestamp NULL DEFAULT NULL,
  `updated_at` timestamp NULL DEFAULT NULL
) ENGINE=InnoDB DEFAULT CHARSET=utf8mb4 COLLATE=utf8mb4_unicode_ci;

--
-- Indexes for dumped tables
--

--
-- Indexes for table `migrations`
--
ALTER TABLE `migrations`
  ADD PRIMARY KEY (`id`);

--
-- Indexes for table `password_resets`
--
ALTER TABLE `password_resets`
  ADD KEY `password_resets_email_index` (`email`);

--
-- Indexes for table `products`
--
ALTER TABLE `products`
  ADD PRIMARY KEY (`id`);

--
-- Indexes for table `reviews`
--
ALTER TABLE `reviews`
  ADD PRIMARY KEY (`id`),
  ADD KEY `reviews_product_id_foreign` (`product_id`);

--
-- Indexes for table `users`
--
ALTER TABLE `users`
  ADD PRIMARY KEY (`id`),
  ADD UNIQUE KEY `users_email_unique` (`email`);

--
-- AUTO_INCREMENT for dumped tables
--

--
-- AUTO_INCREMENT for table `migrations`
--
ALTER TABLE `migrations`
  MODIFY `id` int(10) UNSIGNED NOT NULL AUTO_INCREMENT, AUTO_INCREMENT=5;
--
-- AUTO_INCREMENT for table `products`
--
ALTER TABLE `products`
  MODIFY `id` int(10) UNSIGNED NOT NULL AUTO_INCREMENT, AUTO_INCREMENT=101;
--
-- AUTO_INCREMENT for table `reviews`
--
ALTER TABLE `reviews`
  MODIFY `id` int(10) UNSIGNED NOT NULL AUTO_INCREMENT, AUTO_INCREMENT=301;
--
-- AUTO_INCREMENT for table `users`
--
ALTER TABLE `users`
  MODIFY `id` int(10) UNSIGNED NOT NULL AUTO_INCREMENT;
--
-- Constraints for dumped tables
--

--
-- Constraints for table `reviews`
--
ALTER TABLE `reviews`
  ADD CONSTRAINT `reviews_product_id_foreign` FOREIGN KEY (`product_id`) REFERENCES `products` (`id`) ON DELETE CASCADE;

/*!40101 SET CHARACTER_SET_CLIENT=@OLD_CHARACTER_SET_CLIENT */;
/*!40101 SET CHARACTER_SET_RESULTS=@OLD_CHARACTER_SET_RESULTS */;
/*!40101 SET COLLATION_CONNECTION=@OLD_COLLATION_CONNECTION */;
